SET FOREIGN_KEY_CHECKS=0;
DELETE FROM `model_has_roles`;
DELETE FROM `role_has_permissions`;
DELETE FROM `permissions`;
DELETE FROM `roles`;
DELETE FROM `modules`;
DELETE FROM `menu_items`;
DELETE FROM `migrations`;

ALTER TABLE `model_has_roles` AUTO_INCREMENT = 1;
ALTER TABLE `role_has_permissions` AUTO_INCREMENT = 1;
ALTER TABLE `permissions` AUTO_INCREMENT = 1;
ALTER TABLE `roles` AUTO_INCREMENT = 1;
ALTER TABLE `modules` AUTO_INCREMENT = 1;
ALTER TABLE `menu_items` AUTO_INCREMENT = 1;
ALTER TABLE `migrations` AUTO_INCREMENT = 1;

INSERT INTO `modules` (`id`, `name`, `actions`, `created_at`, `updated_at`, `deleted_at`) VALUES
(1, 'attachments', '{\"index\":\"attachment.index\",\"create\":\"attachment.create\",\"edit\":\"attachment.edit\",\"trash\":\"attachment.destroy\",\"restore\":\"attachment.restore\",\"delete\":\"attachment.forceDelete\"}', '2025-08-25 22:56:11', '2025-08-25 22:56:11', NULL),
(2, 'users', '{\"index\":\"user.index\",\"create\":\"user.create\",\"edit\":\"user.edit\",\"trash\":\"user.destroy\",\"restore\":\"user.restore\",\"delete\":\"user.forceDelete\"}', '2025-08-25 22:56:11', '2025-08-25 22:56:11', NULL),
(3, 'roles', '{\"index\":\"role.index\",\"create\":\"role.create\",\"edit\":\"role.edit\",\"delete\":\"role.destroy\"}', '2025-08-25 22:56:11', '2025-08-25 22:56:11', NULL),
(4, 'categories', '{\"index\":\"category.index\",\"create\":\"category.create\",\"edit\":\"category.edit\",\"delete\":\"category.destroy\"}', '2025-08-25 22:56:11', '2025-08-25 22:56:11', NULL),
(5, 'tags', '{\"index\":\"tag.index\",\"create\":\"tag.create\",\"edit\":\"tag.edit\",\"trash\":\"tag.destroy\",\"restore\":\"tag.restore\",\"delete\":\"tag.forceDelete\"}', '2025-08-25 22:56:11', '2025-08-25 22:56:11', NULL),
(6, 'blogs', '{\"index\":\"blog.index\",\"create\":\"blog.create\",\"edit\":\"blog.edit\",\"trash\":\"blog.destroy\",\"restore\":\"blog.restore\",\"delete\":\"blog.forceDelete\"}', '2025-08-25 22:56:11', '2025-08-25 22:56:11', NULL),
(7, 'pages', '{\"index\":\"page.index\",\"create\":\"page.create\",\"edit\":\"page.edit\",\"trash\":\"page.destroy\",\"restore\":\"page.restore\",\"delete\":\"page.forceDelete\"}', '2025-08-25 22:56:11', '2025-08-25 22:56:11', NULL),
(8, 'testimonials', '{\"index\":\"testimonial.index\",\"create\":\"testimonial.create\",\"edit\":\"testimonial.edit\",\"trash\":\"testimonial.destroy\",\"restore\":\"testimonial.restore\",\"delete\":\"testimonial.forceDelete\"}', '2025-08-25 22:56:11', '2025-08-25 22:56:11', NULL),
(9, 'taxes', '{\"index\":\"tax.index\",\"create\":\"tax.create\",\"edit\":\"tax.edit\",\"trash\":\"tax.destroy\",\"restore\":\"tax.restore\",\"delete\":\"tax.forceDelete\"}', '2025-08-25 22:56:11', '2025-08-25 22:56:11', NULL),
(10, 'currencies', '{\"index\":\"currency.index\",\"create\":\"currency.create\",\"edit\":\"currency.edit\",\"trash\":\"currency.destroy\",\"restore\":\"currency.restore\",\"delete\":\"currency.forceDelete\"}', '2025-08-25 22:56:11', '2025-08-25 22:56:11', NULL),
(11, 'languages', '{\"index\":\"language.index\",\"create\":\"language.create\",\"edit\":\"language.edit\",\"trash\":\"language.destroy\",\"restore\":\"language.restore\",\"delete\":\"language.forceDelete\"}', '2025-08-25 22:56:12', '2025-08-25 22:56:12', NULL),
(12, 'settings', '{\"index\":\"setting.index\",\"edit\":\"setting.edit\"}', '2025-08-25 22:56:12', '2025-08-25 22:56:12', NULL),
(13, 'system-tools', '{\"index\":\"system-tool.index\",\"create\":\"system-tool.create\",\"edit\":\"system-tool.edit\",\"trash\":\"system-tool.destroy\",\"restore\":\"system-tool.restore\",\"delete\":\"system-tool.forceDelete\"}', '2025-08-25 22:56:12', '2025-08-25 22:56:12', NULL),
(14, 'plugins', '{\"index\":\"plugin.index\",\"create\":\"plugin.create\",\"edit\":\"plugin.edit\",\"trash\":\"plugin.destroy\",\"restore\":\"plugin.restore\",\"delete\":\"plugin.forceDelete\"}', '2025-08-25 22:56:12', '2025-08-25 22:56:12', NULL),
(15, 'about-system', '{\"index\":\"about-system.index\"}', '2025-08-25 22:56:12', '2025-08-25 22:56:12', NULL),
(16, 'payment-methods', '{\"index\":\"payment-method.index\",\"edit\":\"payment-method.edit\"}', '2025-08-25 22:56:12', '2025-08-25 22:56:12', NULL),
(17, 'sms-gateways', '{\"index\":\"sms-gateway.index\",\"edit\":\"sms-gateway.edit\"}', '2025-08-25 22:56:12', '2025-08-25 22:56:12', NULL),
(18, 'sms_templates', '{\"index\":\"sms_template.index\",\"create\":\"sms_template.create\",\"edit\":\"sms_template.edit\",\"trash\":\"sms_template.destroy\",\"delete\":\"sms_template.forceDelete\"}', '2025-08-25 22:56:12', '2025-08-25 22:56:12', NULL),
(19, 'email_templates', '{\"index\":\"email_template.index\",\"create\":\"email_template.create\",\"trash\":\"email_template.destroy\",\"edit\":\"email_template.edit\",\"delete\":\"email_template.forceDelete\"}', '2025-08-25 22:56:12', '2025-08-25 22:56:12', NULL),
(20, 'push_notification_templates', '{\"index\":\"push_notification_template.index\",\"create\":\"push_notification_template.create\",\"trash\":\"push_notification_template.destroy\",\"edit\":\"push_notification_template.edit\",\"delete\":\"push_notification_template.forceDelete\"}', '2025-08-25 22:56:12', '2025-08-25 22:56:12', NULL),
(21, 'landing_page', '{\"index\":\"landing_page.index\",\"edit\":\"landing_page.edit\"}', '2025-08-25 22:56:12', '2025-08-25 22:56:12', NULL),
(22, 'appearance', '{\"index\":\"appearance.index\",\"edit\":\"appearance.edit\",\"create\":\"appearance.create\"}', '2025-08-25 22:56:12', '2025-08-25 22:56:12', NULL),
(23, 'backups', '{\"index\":\"backup.index\",\"create\":\"backup.create\",\"edit\":\"backup.edit\",\"trash\":\"backup.destroy\",\"restore\":\"backup.restore\",\"delete\":\"backup.forceDelete\"}', '2025-08-25 22:56:12', '2025-08-25 22:56:12', NULL),

(25, 'drivers', '{\"index\":\"driver.index\",\"create\":\"driver.create\",\"edit\":\"driver.edit\",\"trash\":\"driver.destroy\",\"restore\":\"driver.restore\",\"delete\":\"driver.forceDelete\"}', '2025-08-25 22:56:24', '2025-08-25 22:56:24', NULL),
(26, 'dispatchers', '{\"index\":\"dispatcher.index\",\"create\":\"dispatcher.create\",\"edit\":\"dispatcher.edit\",\"trash\":\"dispatcher.destroy\",\"restore\":\"dispatcher.restore\",\"delete\":\"dispatcher.forceDelete\"}', '2025-08-25 22:56:24', '2025-08-25 22:56:24', NULL),
(27, 'unverified_drivers', '{\"index\":\"unverified_driver.index\",\"create\":\"unverified_driver.create\",\"edit\":\"unverified_driver.edit\",\"trash\":\"unverified_driver.destroy\",\"restore\":\"unverified_driver.restore\",\"delete\":\"unverified_driver.forceDelete\"}', '2025-08-25 22:56:24', '2025-08-25 22:56:24', NULL),
(28, 'banners', '{\"index\":\"banner.index\",\"create\":\"banner.create\",\"edit\":\"banner.edit\",\"trash\":\"banner.destroy\",\"restore\":\"banner.restore\",\"delete\":\"banner.forceDelete\"}', '2025-08-25 22:56:24', '2025-08-25 22:56:24', NULL),
(29, 'documents', '{\"index\":\"document.index\",\"create\":\"document.create\",\"edit\":\"document.edit\",\"trash\":\"document.destroy\",\"restore\":\"document.restore\",\"delete\":\"document.forceDelete\"}', '2025-08-25 22:56:24', '2025-08-25 22:56:24', NULL),
(30, 'vehicle_types', '{\"index\":\"vehicle_type.index\",\"create\":\"vehicle_type.create\",\"edit\":\"vehicle_type.edit\",\"trash\":\"vehicle_type.destroy\",\"restore\":\"vehicle_type.restore\",\"delete\":\"vehicle_type.forceDelete\"}', '2025-08-25 22:56:24', '2025-08-25 22:56:24', NULL),
(31, 'coupons', '{\"index\":\"coupon.index\",\"create\":\"coupon.create\",\"edit\":\"coupon.edit\",\"trash\":\"coupon.destroy\",\"restore\":\"coupon.restore\",\"delete\":\"coupon.forceDelete\"}', '2025-08-25 22:56:24', '2025-08-25 22:56:24', NULL),
(32, 'zones', '{\"index\":\"zone.index\",\"create\":\"zone.create\",\"edit\":\"zone.edit\",\"trash\":\"zone.destroy\",\"restore\":\"zone.restore\",\"delete\":\"zone.forceDelete\"}', '2025-08-25 22:56:24', '2025-08-25 22:56:24', NULL),
(33, 'faqs', '{\"index\":\"faq.index\",\"create\":\"faq.create\",\"edit\":\"faq.edit\",\"trash\":\"faq.destroy\",\"restore\":\"faq.restore\",\"delete\":\"faq.forceDelete\"}', '2025-08-25 22:56:24', '2025-08-25 22:56:24', NULL),
(34, 'heatmaps', '{\"index\":\"heat_map.index\",\"create\":\"heat_map.create\",\"edit\":\"heat_map.edit\",\"trash\":\"heat_map.destroy\",\"restore\":\"heat_map.restore\",\"delete\":\"heat_map.forceDelete\"}', '2025-08-25 22:56:24', '2025-08-25 22:56:24', NULL),
(35, 'soses', '{\"index\":\"sos.index\",\"create\":\"sos.create\",\"edit\":\"sos.edit\",\"trash\":\"sos.destroy\",\"restore\":\"sos.restore\",\"delete\":\"sos.forceDelete\"}', '2025-08-25 22:56:24', '2025-08-25 22:56:24', NULL),
(36, 'driver_documents', '{\"index\":\"driver_document.index\",\"create\":\"driver_document.create\",\"edit\":\"driver_document.edit\",\"trash\":\"driver_document.destroy\",\"restore\":\"driver_document.restore\",\"delete\":\"driver_document.forceDelete\"}', '2025-08-25 22:56:24', '2025-08-25 22:56:24', NULL),
(37, 'driver_rules', '{\"index\":\"driver_rule.index\",\"create\":\"driver_rule.create\",\"edit\":\"driver_rule.edit\",\"trash\":\"driver_rule.destroy\",\"restore\":\"driver_rule.restore\",\"delete\":\"driver_rule.forceDelete\"}', '2025-08-25 22:56:25', '2025-08-25 22:56:25', NULL),
(38, 'extra_charges', '{\"index\":\"extra_charge.index\",\"create\":\"extra_charge.create\",\"edit\":\"extra_charge.edit\",\"trash\":\"extra_charge.destroy\",\"restore\":\"extra_charge.restore\",\"delete\":\"extra_charge.forceDelete\"}', '2025-08-25 22:56:25', '2025-08-25 22:56:25', NULL),
(39, 'cab_commission_histories', '{\"index\":\"cab_commission_history.index\"}', '2025-08-25 22:56:25', '2025-08-25 22:56:25', NULL),
(40, 'notices', '{\"index\":\"notice.index\",\"create\":\"notice.create\",\"edit\":\"notice.edit\",\"trash\":\"notice.destroy\",\"restore\":\"notice.restore\",\"delete\":\"notice.forceDelete\"}', '2025-08-25 22:56:25', '2025-08-25 22:56:25', NULL),
(41, 'driver_wallets', '{\"index\":\"driver_wallet.index\",\"credit\":\"driver_wallet.credit\",\"debit\":\"driver_wallet.debit\"}', '2025-08-25 22:56:25', '2025-08-25 22:56:25', NULL),
(42, 'services', '{\"index\":\"service.index\",\"edit\":\"service.edit\"}', '2025-08-25 22:56:25', '2025-08-25 22:56:25', NULL),
(43, 'onboardings', '{\"index\":\"onboarding.index\",\"edit\":\"onboarding.edit\"}', '2025-08-25 22:56:25', '2025-08-25 22:56:25', NULL),
(44, 'service_categories', '{\"index\":\"service_category.index\",\"edit\":\"service_category.edit\"}', '2025-08-25 22:56:25', '2025-08-25 22:56:25', NULL),
(45, 'taxido_settings', '{\"index\":\"taxido_setting.index\",\"edit\":\"taxido_setting.edit\"}', '2025-08-25 22:56:25', '2025-08-25 22:56:25', NULL),
(46, 'ride_request', '{\"index\":\"ride_request.index\",\"create\":\"ride_request.create\",\"edit\":\"ride_request.edit\",\"trash\":\"ride_request.destroy\",\"restore\":\"ride_request.restore\",\"delete\":\"ride_request.forceDelete\"}', '2025-08-25 22:56:25', '2025-08-25 22:56:25', NULL),
(47, 'rides', '{\"index\":\"ride.index\",\"create\":\"ride.create\",\"edit\":\"ride.edit\"}', '2025-08-25 22:56:25', '2025-08-25 22:56:25', NULL),
(48, 'plans', '{\"index\":\"plan.index\",\"create\":\"plan.create\",\"edit\":\"plan.edit\",\"trash\":\"plan.destroy\",\"restore\":\"plan.restore\",\"delete\":\"plan.forceDelete\"}', '2025-08-25 22:56:25', '2025-08-25 22:56:25', NULL),
(49, 'airports', '{\"index\":\"airport.index\",\"create\":\"airport.create\",\"edit\":\"airport.edit\",\"trash\":\"airport.destroy\",\"restore\":\"airport.restore\",\"delete\":\"airport.forceDelete\"}', '2025-08-25 22:56:25', '2025-08-25 22:56:25', NULL),
(50, 'surge_prices', '{\"index\":\"surge_price.index\",\"create\":\"surge_price.create\",\"edit\":\"surge_price.edit\",\"trash\":\"surge_price.destroy\",\"restore\":\"surge_price.restore\",\"delete\":\"surge_price.forceDelete\"}', '2025-08-25 22:56:25', '2025-08-25 22:56:25', NULL),
(51, 'subscriptions', '{\"index\":\"subscription.index\",\"create\":\"subscription.create\",\"edit\":\"subscription.edit\",\"destroy\":\"subscription.destroy\",\"purchase\":\"subscription.purchase\",\"cancel\":\"subscription.cancel\"}', '2025-08-25 22:56:25', '2025-08-25 22:56:25', NULL),
(52, 'bids', '{\"index\":\"bid.index\",\"create\":\"bid.create\",\"edit\":\"bid.edit\"}', '2025-08-25 22:56:25', '2025-08-25 22:56:25', NULL),
(53, 'push_notifications', '{\"index\":\"push_notification.index\",\"create\":\"push_notification.create\",\"trash\":\"push_notification.destroy\",\"delete\":\"push_notification.forceDelete\"}', '2025-08-25 22:56:25', '2025-08-25 22:56:25', NULL),
(54, 'rider_wallets', '{\"index\":\"rider_wallet.index\",\"credit\":\"rider_wallet.credit\",\"debit\":\"rider_wallet.debit\"}', '2025-08-25 22:56:25', '2025-08-25 22:56:25', NULL),
(55, 'withdraw_requests', '{\"index\":\"withdraw_request.index\",\"create\":\"withdraw_request.create\",\"edit\":\"withdraw_request.edit\"}', '2025-08-25 22:56:26', '2025-08-25 22:56:26', NULL),
(56, 'fleet_withdraw_requests', '{\"index\":\"fleet_withdraw_request.index\",\"create\":\"fleet_withdraw_request.create\",\"edit\":\"fleet_withdraw_request.edit\"}', '2025-08-25 22:56:26', '2025-08-25 22:56:26', NULL),
(57, 'reports', '{\"index\":\"report.index\",\"create\":\"report.create\"}', '2025-08-25 22:56:26', '2025-08-25 22:56:26', NULL),
(58, 'driver_locations', '{\"index\":\"driver_location.index\",\"create\":\"driver_location.create\"}', '2025-08-25 22:56:26', '2025-08-25 22:56:26', NULL),
(59, 'cancellation_reasons', '{\"index\":\"cancellation_reason.index\",\"create\":\"cancellation_reason.create\",\"edit\":\"cancellation_reason.edit\",\"trash\":\"cancellation_reason.destroy\",\"restore\":\"cancellation_reason.restore\",\"delete\":\"cancellation_reason.forceDelete\"}', '2025-08-25 22:56:26', '2025-08-25 22:56:26', NULL),
(60, 'driver_reviews', '{\"index\":\"driver_review.index\",\"create\":\"driver_review.create\",\"trash\":\"driver_review.destroy\",\"restore\":\"driver_review.restore\",\"delete\":\"driver_review.forceDelete\"}', '2025-08-25 22:56:26', '2025-08-25 22:56:26', NULL),
(61, 'rider_reviews', '{\"index\":\"rider_review.index\",\"create\":\"rider_review.create\",\"trash\":\"rider_review.destroy\",\"restore\":\"rider_review.restore\",\"delete\":\"rider_review.forceDelete\"}', '2025-08-25 22:56:26', '2025-08-25 22:56:26', NULL),
(62, 'hourly_packages', '{\"index\":\"hourly_package.index\",\"create\":\"hourly_package.create\",\"edit\":\"hourly_package.edit\",\"trash\":\"hourly_package.destroy\",\"restore\":\"hourly_package.restore\",\"delete\":\"hourly_package.forceDelete\"}', '2025-08-25 22:56:26', '2025-08-25 22:56:26', NULL),
(63, 'sos_alerts', '{\"index\":\"sos_alert.index\",\"create\":\"sos_alert.create\",\"edit\":\"sos_alert.edit\",\"trash\":\"sos_alert.destroy\",\"restore\":\"sos_alert.restore\",\"delete\":\"sos_alert.forceDelete\"}', '2025-08-25 22:56:26', '2025-08-25 22:56:26', NULL),
(64, 'rental_vehicles', '{\"index\":\"rental_vehicle.index\",\"create\":\"rental_vehicle.create\",\"edit\":\"rental_vehicle.edit\",\"trash\":\"rental_vehicle.destroy\",\"restore\":\"rental_vehicle.restore\",\"delete\":\"rental_vehicle.forceDelete\"}', '2025-08-25 22:56:26', '2025-08-25 22:56:26', NULL),
(65, 'fleet_managers', '{\"index\":\"fleet_manager.index\",\"create\":\"fleet_manager.create\",\"edit\":\"fleet_manager.edit\",\"trash\":\"fleet_manager.destroy\",\"restore\":\"fleet_manager.restore\",\"delete\":\"fleet_manager.forceDelete\"}', '2025-08-25 22:56:26', '2025-08-25 22:56:26', NULL),
(66, 'fleet_wallets', '{\"index\":\"fleet_wallet.index\",\"credit\":\"fleet_wallet.credit\",\"debit\":\"fleet_wallet.debit\"}', '2025-08-25 22:56:26', '2025-08-25 22:56:26', NULL),
(67, 'chats', '{\"index\":\"chat.index\",\"send\":\"chat.send\",\"reply\":\"chat.replay\",\"delete\":\"chat.delete\"}', '2025-08-25 22:56:26', '2025-08-25 22:56:26', NULL),
(68, 'ambulances', '{\"index\":\"ambulance.index\"}', '2025-08-25 22:56:26', '2025-08-25 22:56:26', NULL),
(69, 'tickets', '{\"index\":\"ticket.ticket.index\",\"create\":\"ticket.ticket.create\",\"reply\":\"ticket.ticket.reply\",\"trash\":\"ticket.ticket.destroy\",\"restore\":\"ticket.ticket.restore\",\"delete\":\"ticket.ticket.forceDelete\"}', '2025-08-25 22:56:34', '2025-08-25 22:56:34', NULL),
(70, 'priorities', '{\"index\":\"ticket.priority.index\",\"create\":\"ticket.priority.create\",\"edit\":\"ticket.priority.edit\",\"trash\":\"ticket.priority.destroy\",\"restore\":\"ticket.priority.restore\",\"delete\":\"ticket.priority.forceDelete\"}', '2025-08-25 22:56:34', '2025-08-25 22:56:34', NULL),
(71, 'executives', '{\"index\":\"ticket.executive.index\",\"create\":\"ticket.executive.create\",\"edit\":\"ticket.executive.edit\",\"trash\":\"ticket.executive.destroy\",\"restore\":\"ticket.executive.restore\",\"delete\":\"ticket.executive.forceDelete\"}', '2025-08-25 22:56:35', '2025-08-25 22:56:35', NULL),
(72, 'departments', '{\"index\":\"ticket.department.index\",\"create\":\"ticket.department.create\",\"edit\":\"ticket.department.edit\",\"show\":\"ticket.department.show\",\"trash\":\"ticket.department.destroy\",\"restore\":\"ticket.department.restore\",\"delete\":\"ticket.department.forceDelete\"}', '2025-08-25 22:56:35', '2025-08-25 22:56:35', NULL),
(73, 'formfields', '{\"index\":\"ticket.formfield.index\",\"create\":\"ticket.formfield.create\",\"edit\":\"ticket.formfield.edit\",\"trash\":\"ticket.formfield.destroy\",\"restore\":\"ticket.formfield.restore\",\"delete\":\"ticket.formfield.forceDelete\"}', '2025-08-25 22:56:35', '2025-08-25 22:56:35', NULL),
(74, 'statuses', '{\"index\":\"ticket.status.index\",\"create\":\"ticket.status.create\",\"edit\":\"ticket.status.edit\",\"trash\":\"ticket.status.destroy\",\"restore\":\"ticket.status.restore\",\"delete\":\"ticket.status.forceDelete\"}', '2025-08-25 22:56:35', '2025-08-25 22:56:35', NULL),
(75, 'knowledge', '{\"index\":\"ticket.knowledge.index\",\"create\":\"ticket.knowledge.create\",\"edit\":\"ticket.knowledge.edit\",\"trash\":\"ticket.knowledge.destroy\",\"restore\":\"ticket.knowledge.restore\",\"delete\":\"ticket.knowledge.forceDelete\"}', '2025-08-25 22:56:35', '2025-08-25 22:56:35', NULL),
(76, 'knowledge_categories', '{\"index\":\"ticket.category.index\",\"create\":\"ticket.category.create\",\"edit\":\"ticket.category.edit\",\"delete\":\"ticket.category.destroy\"}', '2025-08-25 22:56:35', '2025-08-25 22:56:35', NULL),
(77, 'knowledge_tags', '{\"index\":\"ticket.tag.index\",\"create\":\"ticket.tag.create\",\"edit\":\"ticket.tag.edit\",\"trash\":\"ticket.tag.destroy\",\"restore\":\"ticket.tag.restore\",\"delete\":\"ticket.tag.forceDelete\"}', '2025-08-25 22:56:35', '2025-08-25 22:56:35', NULL),
(78, 'ticket_settings', '{\"index\":\"ticket.setting.index\",\"create\":\"ticket.setting.create\",\"edit\":\"ticket.setting.edit\",\"trash\":\"ticket.setting.destroy\",\"restore\":\"ticket.setting.restore\",\"delete\":\"ticket.setting.forceDelete\"}', '2025-08-25 22:56:35', '2025-08-25 22:56:35', NULL);

INSERT INTO `permissions` (`id`, `name`, `guard_name`, `created_at`, `updated_at`) VALUES
(1, 'attachment.index', 'web', '2025-08-25 22:56:11', '2025-08-25 22:56:11'),
(2, 'attachment.create', 'web', '2025-08-25 22:56:11', '2025-08-25 22:56:11'),
(3, 'attachment.edit', 'web', '2025-08-25 22:56:11', '2025-08-25 22:56:11'),
(4, 'attachment.destroy', 'web', '2025-08-25 22:56:11', '2025-08-25 22:56:11'),
(5, 'attachment.restore', 'web', '2025-08-25 22:56:11', '2025-08-25 22:56:11'),
(6, 'attachment.forceDelete', 'web', '2025-08-25 22:56:11', '2025-08-25 22:56:11'),
(7, 'user.index', 'web', '2025-08-25 22:56:11', '2025-08-25 22:56:11'),
(8, 'user.create', 'web', '2025-08-25 22:56:11', '2025-08-25 22:56:11'),
(9, 'user.edit', 'web', '2025-08-25 22:56:11', '2025-08-25 22:56:11'),
(10, 'user.destroy', 'web', '2025-08-25 22:56:11', '2025-08-25 22:56:11'),
(11, 'user.restore', 'web', '2025-08-25 22:56:11', '2025-08-25 22:56:11'),
(12, 'user.forceDelete', 'web', '2025-08-25 22:56:11', '2025-08-25 22:56:11'),
(13, 'role.index', 'web', '2025-08-25 22:56:11', '2025-08-25 22:56:11'),
(14, 'role.create', 'web', '2025-08-25 22:56:11', '2025-08-25 22:56:11'),
(15, 'role.edit', 'web', '2025-08-25 22:56:11', '2025-08-25 22:56:11'),
(16, 'role.destroy', 'web', '2025-08-25 22:56:11', '2025-08-25 22:56:11'),
(17, 'category.index', 'web', '2025-08-25 22:56:11', '2025-08-25 22:56:11'),
(18, 'category.create', 'web', '2025-08-25 22:56:11', '2025-08-25 22:56:11'),
(19, 'category.edit', 'web', '2025-08-25 22:56:11', '2025-08-25 22:56:11'),
(20, 'category.destroy', 'web', '2025-08-25 22:56:11', '2025-08-25 22:56:11'),
(21, 'tag.index', 'web', '2025-08-25 22:56:11', '2025-08-25 22:56:11'),
(22, 'tag.create', 'web', '2025-08-25 22:56:11', '2025-08-25 22:56:11'),
(23, 'tag.edit', 'web', '2025-08-25 22:56:11', '2025-08-25 22:56:11'),
(24, 'tag.destroy', 'web', '2025-08-25 22:56:11', '2025-08-25 22:56:11'),
(25, 'tag.restore', 'web', '2025-08-25 22:56:11', '2025-08-25 22:56:11'),
(26, 'tag.forceDelete', 'web', '2025-08-25 22:56:11', '2025-08-25 22:56:11'),
(27, 'blog.index', 'web', '2025-08-25 22:56:11', '2025-08-25 22:56:11'),
(28, 'blog.create', 'web', '2025-08-25 22:56:11', '2025-08-25 22:56:11'),
(29, 'blog.edit', 'web', '2025-08-25 22:56:11', '2025-08-25 22:56:11'),
(30, 'blog.destroy', 'web', '2025-08-25 22:56:11', '2025-08-25 22:56:11'),
(31, 'blog.restore', 'web', '2025-08-25 22:56:11', '2025-08-25 22:56:11'),
(32, 'blog.forceDelete', 'web', '2025-08-25 22:56:11', '2025-08-25 22:56:11'),
(33, 'page.index', 'web', '2025-08-25 22:56:11', '2025-08-25 22:56:11'),
(34, 'page.create', 'web', '2025-08-25 22:56:11', '2025-08-25 22:56:11'),
(35, 'page.edit', 'web', '2025-08-25 22:56:11', '2025-08-25 22:56:11'),
(36, 'page.destroy', 'web', '2025-08-25 22:56:11', '2025-08-25 22:56:11'),
(37, 'page.restore', 'web', '2025-08-25 22:56:11', '2025-08-25 22:56:11'),
(38, 'page.forceDelete', 'web', '2025-08-25 22:56:11', '2025-08-25 22:56:11'),
(39, 'testimonial.index', 'web', '2025-08-25 22:56:11', '2025-08-25 22:56:11'),
(40, 'testimonial.create', 'web', '2025-08-25 22:56:11', '2025-08-25 22:56:11'),
(41, 'testimonial.edit', 'web', '2025-08-25 22:56:11', '2025-08-25 22:56:11'),
(42, 'testimonial.destroy', 'web', '2025-08-25 22:56:11', '2025-08-25 22:56:11'),
(43, 'testimonial.restore', 'web', '2025-08-25 22:56:11', '2025-08-25 22:56:11'),
(44, 'testimonial.forceDelete', 'web', '2025-08-25 22:56:11', '2025-08-25 22:56:11'),
(45, 'tax.index', 'web', '2025-08-25 22:56:11', '2025-08-25 22:56:11'),
(46, 'tax.create', 'web', '2025-08-25 22:56:11', '2025-08-25 22:56:11'),
(47, 'tax.edit', 'web', '2025-08-25 22:56:11', '2025-08-25 22:56:11'),
(48, 'tax.destroy', 'web', '2025-08-25 22:56:11', '2025-08-25 22:56:11'),
(49, 'tax.restore', 'web', '2025-08-25 22:56:11', '2025-08-25 22:56:11'),
(50, 'tax.forceDelete', 'web', '2025-08-25 22:56:11', '2025-08-25 22:56:11'),
(51, 'currency.index', 'web', '2025-08-25 22:56:12', '2025-08-25 22:56:12'),
(52, 'currency.create', 'web', '2025-08-25 22:56:12', '2025-08-25 22:56:12'),
(53, 'currency.edit', 'web', '2025-08-25 22:56:12', '2025-08-25 22:56:12'),
(54, 'currency.destroy', 'web', '2025-08-25 22:56:12', '2025-08-25 22:56:12'),
(55, 'currency.restore', 'web', '2025-08-25 22:56:12', '2025-08-25 22:56:12'),
(56, 'currency.forceDelete', 'web', '2025-08-25 22:56:12', '2025-08-25 22:56:12'),
(57, 'language.index', 'web', '2025-08-25 22:56:12', '2025-08-25 22:56:12'),
(58, 'language.create', 'web', '2025-08-25 22:56:12', '2025-08-25 22:56:12'),
(59, 'language.edit', 'web', '2025-08-25 22:56:12', '2025-08-25 22:56:12'),
(60, 'language.destroy', 'web', '2025-08-25 22:56:12', '2025-08-25 22:56:12'),
(61, 'language.restore', 'web', '2025-08-25 22:56:12', '2025-08-25 22:56:12'),
(62, 'language.forceDelete', 'web', '2025-08-25 22:56:12', '2025-08-25 22:56:12'),
(63, 'setting.index', 'web', '2025-08-25 22:56:12', '2025-08-25 22:56:12'),
(64, 'setting.edit', 'web', '2025-08-25 22:56:12', '2025-08-25 22:56:12'),
(65, 'system-tool.index', 'web', '2025-08-25 22:56:12', '2025-08-25 22:56:12'),
(66, 'system-tool.create', 'web', '2025-08-25 22:56:12', '2025-08-25 22:56:12'),
(67, 'system-tool.edit', 'web', '2025-08-25 22:56:12', '2025-08-25 22:56:12'),
(68, 'system-tool.destroy', 'web', '2025-08-25 22:56:12', '2025-08-25 22:56:12'),
(69, 'system-tool.restore', 'web', '2025-08-25 22:56:12', '2025-08-25 22:56:12'),
(70, 'system-tool.forceDelete', 'web', '2025-08-25 22:56:12', '2025-08-25 22:56:12'),
(71, 'plugin.index', 'web', '2025-08-25 22:56:12', '2025-08-25 22:56:12'),
(72, 'plugin.create', 'web', '2025-08-25 22:56:12', '2025-08-25 22:56:12'),
(73, 'plugin.edit', 'web', '2025-08-25 22:56:12', '2025-08-25 22:56:12'),
(74, 'plugin.destroy', 'web', '2025-08-25 22:56:12', '2025-08-25 22:56:12'),
(75, 'plugin.restore', 'web', '2025-08-25 22:56:12', '2025-08-25 22:56:12'),
(76, 'plugin.forceDelete', 'web', '2025-08-25 22:56:12', '2025-08-25 22:56:12'),
(77, 'about-system.index', 'web', '2025-08-25 22:56:12', '2025-08-25 22:56:12'),
(78, 'payment-method.index', 'web', '2025-08-25 22:56:12', '2025-08-25 22:56:12'),
(79, 'payment-method.edit', 'web', '2025-08-25 22:56:12', '2025-08-25 22:56:12'),
(80, 'sms-gateway.index', 'web', '2025-08-25 22:56:12', '2025-08-25 22:56:12'),
(81, 'sms-gateway.edit', 'web', '2025-08-25 22:56:12', '2025-08-25 22:56:12'),
(82, 'sms_template.index', 'web', '2025-08-25 22:56:12', '2025-08-25 22:56:12'),
(83, 'sms_template.create', 'web', '2025-08-25 22:56:12', '2025-08-25 22:56:12'),
(84, 'sms_template.edit', 'web', '2025-08-25 22:56:12', '2025-08-25 22:56:12'),
(85, 'sms_template.destroy', 'web', '2025-08-25 22:56:12', '2025-08-25 22:56:12'),
(86, 'sms_template.forceDelete', 'web', '2025-08-25 22:56:12', '2025-08-25 22:56:12'),
(87, 'email_template.index', 'web', '2025-08-25 22:56:12', '2025-08-25 22:56:12'),
(88, 'email_template.create', 'web', '2025-08-25 22:56:12', '2025-08-25 22:56:12'),
(89, 'email_template.destroy', 'web', '2025-08-25 22:56:12', '2025-08-25 22:56:12'),
(90, 'email_template.edit', 'web', '2025-08-25 22:56:12', '2025-08-25 22:56:12'),
(91, 'email_template.forceDelete', 'web', '2025-08-25 22:56:12', '2025-08-25 22:56:12'),
(92, 'push_notification_template.index', 'web', '2025-08-25 22:56:12', '2025-08-25 22:56:12'),
(93, 'push_notification_template.create', 'web', '2025-08-25 22:56:12', '2025-08-25 22:56:12'),
(94, 'push_notification_template.destroy', 'web', '2025-08-25 22:56:12', '2025-08-25 22:56:12'),
(95, 'push_notification_template.edit', 'web', '2025-08-25 22:56:12', '2025-08-25 22:56:12'),
(96, 'push_notification_template.forceDelete', 'web', '2025-08-25 22:56:12', '2025-08-25 22:56:12'),
(97, 'landing_page.index', 'web', '2025-08-25 22:56:12', '2025-08-25 22:56:12'),
(98, 'landing_page.edit', 'web', '2025-08-25 22:56:12', '2025-08-25 22:56:12'),
(99, 'appearance.index', 'web', '2025-08-25 22:56:12', '2025-08-25 22:56:12'),
(100, 'appearance.edit', 'web', '2025-08-25 22:56:12', '2025-08-25 22:56:12'),
(101, 'appearance.create', 'web', '2025-08-25 22:56:12', '2025-08-25 22:56:12'),
(102, 'backup.index', 'web', '2025-08-25 22:56:13', '2025-08-25 22:56:13'),
(103, 'backup.create', 'web', '2025-08-25 22:56:13', '2025-08-25 22:56:13'),
(104, 'backup.edit', 'web', '2025-08-25 22:56:13', '2025-08-25 22:56:13'),
(105, 'backup.destroy', 'web', '2025-08-25 22:56:13', '2025-08-25 22:56:13'),
(106, 'backup.restore', 'web', '2025-08-25 22:56:13', '2025-08-25 22:56:13'),
(107, 'backup.forceDelete', 'web', '2025-08-25 22:56:13', '2025-08-25 22:56:13'),
(109, 'rider.create', 'web', '2025-08-25 22:56:24', '2025-08-25 22:56:24'),
(110, 'rider.edit', 'web', '2025-08-25 22:56:24', '2025-08-25 22:56:24'),
(111, 'rider.destroy', 'web', '2025-08-25 22:56:24', '2025-08-25 22:56:24'),
(112, 'rider.restore', 'web', '2025-08-25 22:56:24', '2025-08-25 22:56:24'),
(113, 'rider.forceDelete', 'web', '2025-08-25 22:56:24', '2025-08-25 22:56:24'),
(114, 'driver.index', 'web', '2025-08-25 22:56:24', '2025-08-25 22:56:24'),
(115, 'driver.create', 'web', '2025-08-25 22:56:24', '2025-08-25 22:56:24'),
(116, 'driver.edit', 'web', '2025-08-25 22:56:24', '2025-08-25 22:56:24'),
(117, 'driver.destroy', 'web', '2025-08-25 22:56:24', '2025-08-25 22:56:24'),
(118, 'driver.restore', 'web', '2025-08-25 22:56:24', '2025-08-25 22:56:24'),
(119, 'driver.forceDelete', 'web', '2025-08-25 22:56:24', '2025-08-25 22:56:24'),
(120, 'dispatcher.index', 'web', '2025-08-25 22:56:24', '2025-08-25 22:56:24'),
(121, 'dispatcher.create', 'web', '2025-08-25 22:56:24', '2025-08-25 22:56:24'),
(122, 'dispatcher.edit', 'web', '2025-08-25 22:56:24', '2025-08-25 22:56:24'),
(123, 'dispatcher.destroy', 'web', '2025-08-25 22:56:24', '2025-08-25 22:56:24'),
(124, 'dispatcher.restore', 'web', '2025-08-25 22:56:24', '2025-08-25 22:56:24'),
(125, 'dispatcher.forceDelete', 'web', '2025-08-25 22:56:24', '2025-08-25 22:56:24'),
(126, 'unverified_driver.index', 'web', '2025-08-25 22:56:24', '2025-08-25 22:56:24'),
(127, 'unverified_driver.create', 'web', '2025-08-25 22:56:24', '2025-08-25 22:56:24'),
(128, 'unverified_driver.edit', 'web', '2025-08-25 22:56:24', '2025-08-25 22:56:24'),
(129, 'unverified_driver.destroy', 'web', '2025-08-25 22:56:24', '2025-08-25 22:56:24'),
(130, 'unverified_driver.restore', 'web', '2025-08-25 22:56:24', '2025-08-25 22:56:24'),
(131, 'unverified_driver.forceDelete', 'web', '2025-08-25 22:56:24', '2025-08-25 22:56:24'),
(132, 'banner.index', 'web', '2025-08-25 22:56:24', '2025-08-25 22:56:24'),
(133, 'banner.create', 'web', '2025-08-25 22:56:24', '2025-08-25 22:56:24'),
(134, 'banner.edit', 'web', '2025-08-25 22:56:24', '2025-08-25 22:56:24'),
(135, 'banner.destroy', 'web', '2025-08-25 22:56:24', '2025-08-25 22:56:24'),
(136, 'banner.restore', 'web', '2025-08-25 22:56:24', '2025-08-25 22:56:24'),
(137, 'banner.forceDelete', 'web', '2025-08-25 22:56:24', '2025-08-25 22:56:24'),
(138, 'document.index', 'web', '2025-08-25 22:56:24', '2025-08-25 22:56:24'),
(139, 'document.create', 'web', '2025-08-25 22:56:24', '2025-08-25 22:56:24'),
(140, 'document.edit', 'web', '2025-08-25 22:56:24', '2025-08-25 22:56:24'),
(141, 'document.destroy', 'web', '2025-08-25 22:56:24', '2025-08-25 22:56:24'),
(142, 'document.restore', 'web', '2025-08-25 22:56:24', '2025-08-25 22:56:24'),
(143, 'document.forceDelete', 'web', '2025-08-25 22:56:24', '2025-08-25 22:56:24'),
(144, 'vehicle_type.index', 'web', '2025-08-25 22:56:24', '2025-08-25 22:56:24'),
(145, 'vehicle_type.create', 'web', '2025-08-25 22:56:24', '2025-08-25 22:56:24'),
(146, 'vehicle_type.edit', 'web', '2025-08-25 22:56:24', '2025-08-25 22:56:24'),
(147, 'vehicle_type.destroy', 'web', '2025-08-25 22:56:24', '2025-08-25 22:56:24'),
(148, 'vehicle_type.restore', 'web', '2025-08-25 22:56:24', '2025-08-25 22:56:24'),
(149, 'vehicle_type.forceDelete', 'web', '2025-08-25 22:56:24', '2025-08-25 22:56:24'),
(150, 'coupon.index', 'web', '2025-08-25 22:56:24', '2025-08-25 22:56:24'),
(151, 'coupon.create', 'web', '2025-08-25 22:56:24', '2025-08-25 22:56:24'),
(152, 'coupon.edit', 'web', '2025-08-25 22:56:24', '2025-08-25 22:56:24'),
(153, 'coupon.destroy', 'web', '2025-08-25 22:56:24', '2025-08-25 22:56:24'),
(154, 'coupon.restore', 'web', '2025-08-25 22:56:24', '2025-08-25 22:56:24'),
(155, 'coupon.forceDelete', 'web', '2025-08-25 22:56:24', '2025-08-25 22:56:24'),
(156, 'zone.index', 'web', '2025-08-25 22:56:24', '2025-08-25 22:56:24'),
(157, 'zone.create', 'web', '2025-08-25 22:56:24', '2025-08-25 22:56:24'),
(158, 'zone.edit', 'web', '2025-08-25 22:56:24', '2025-08-25 22:56:24'),
(159, 'zone.destroy', 'web', '2025-08-25 22:56:24', '2025-08-25 22:56:24'),
(160, 'zone.restore', 'web', '2025-08-25 22:56:24', '2025-08-25 22:56:24'),
(161, 'zone.forceDelete', 'web', '2025-08-25 22:56:24', '2025-08-25 22:56:24'),
(162, 'faq.index', 'web', '2025-08-25 22:56:24', '2025-08-25 22:56:24'),
(163, 'faq.create', 'web', '2025-08-25 22:56:24', '2025-08-25 22:56:24'),
(164, 'faq.edit', 'web', '2025-08-25 22:56:24', '2025-08-25 22:56:24'),
(165, 'faq.destroy', 'web', '2025-08-25 22:56:24', '2025-08-25 22:56:24'),
(166, 'faq.restore', 'web', '2025-08-25 22:56:24', '2025-08-25 22:56:24'),
(167, 'faq.forceDelete', 'web', '2025-08-25 22:56:24', '2025-08-25 22:56:24'),
(168, 'heat_map.index', 'web', '2025-08-25 22:56:24', '2025-08-25 22:56:24'),
(169, 'heat_map.create', 'web', '2025-08-25 22:56:24', '2025-08-25 22:56:24'),
(170, 'heat_map.edit', 'web', '2025-08-25 22:56:24', '2025-08-25 22:56:24'),
(171, 'heat_map.destroy', 'web', '2025-08-25 22:56:24', '2025-08-25 22:56:24'),
(172, 'heat_map.restore', 'web', '2025-08-25 22:56:24', '2025-08-25 22:56:24'),
(173, 'heat_map.forceDelete', 'web', '2025-08-25 22:56:24', '2025-08-25 22:56:24'),
(174, 'sos.index', 'web', '2025-08-25 22:56:24', '2025-08-25 22:56:24'),
(175, 'sos.create', 'web', '2025-08-25 22:56:24', '2025-08-25 22:56:24'),
(176, 'sos.edit', 'web', '2025-08-25 22:56:24', '2025-08-25 22:56:24'),
(177, 'sos.destroy', 'web', '2025-08-25 22:56:24', '2025-08-25 22:56:24'),
(178, 'sos.restore', 'web', '2025-08-25 22:56:24', '2025-08-25 22:56:24'),
(179, 'sos.forceDelete', 'web', '2025-08-25 22:56:24', '2025-08-25 22:56:24'),
(180, 'driver_document.index', 'web', '2025-08-25 22:56:24', '2025-08-25 22:56:24'),
(181, 'driver_document.create', 'web', '2025-08-25 22:56:24', '2025-08-25 22:56:24'),
(182, 'driver_document.edit', 'web', '2025-08-25 22:56:24', '2025-08-25 22:56:24'),
(183, 'driver_document.destroy', 'web', '2025-08-25 22:56:24', '2025-08-25 22:56:24'),
(184, 'driver_document.restore', 'web', '2025-08-25 22:56:24', '2025-08-25 22:56:24'),
(185, 'driver_document.forceDelete', 'web', '2025-08-25 22:56:25', '2025-08-25 22:56:25'),
(186, 'driver_rule.index', 'web', '2025-08-25 22:56:25', '2025-08-25 22:56:25'),
(187, 'driver_rule.create', 'web', '2025-08-25 22:56:25', '2025-08-25 22:56:25'),
(188, 'driver_rule.edit', 'web', '2025-08-25 22:56:25', '2025-08-25 22:56:25'),
(189, 'driver_rule.destroy', 'web', '2025-08-25 22:56:25', '2025-08-25 22:56:25'),
(190, 'driver_rule.restore', 'web', '2025-08-25 22:56:25', '2025-08-25 22:56:25'),
(191, 'driver_rule.forceDelete', 'web', '2025-08-25 22:56:25', '2025-08-25 22:56:25'),
(192, 'extra_charge.index', 'web', '2025-08-25 22:56:25', '2025-08-25 22:56:25'),
(193, 'extra_charge.create', 'web', '2025-08-25 22:56:25', '2025-08-25 22:56:25'),
(194, 'extra_charge.edit', 'web', '2025-08-25 22:56:25', '2025-08-25 22:56:25'),
(195, 'extra_charge.destroy', 'web', '2025-08-25 22:56:25', '2025-08-25 22:56:25'),
(196, 'extra_charge.restore', 'web', '2025-08-25 22:56:25', '2025-08-25 22:56:25'),
(197, 'extra_charge.forceDelete', 'web', '2025-08-25 22:56:25', '2025-08-25 22:56:25'),
(198, 'cab_commission_history.index', 'web', '2025-08-25 22:56:25', '2025-08-25 22:56:25'),
(199, 'notice.index', 'web', '2025-08-25 22:56:25', '2025-08-25 22:56:25'),
(200, 'notice.create', 'web', '2025-08-25 22:56:25', '2025-08-25 22:56:25'),
(201, 'notice.edit', 'web', '2025-08-25 22:56:25', '2025-08-25 22:56:25'),
(202, 'notice.destroy', 'web', '2025-08-25 22:56:25', '2025-08-25 22:56:25'),
(203, 'notice.restore', 'web', '2025-08-25 22:56:25', '2025-08-25 22:56:25'),
(204, 'notice.forceDelete', 'web', '2025-08-25 22:56:25', '2025-08-25 22:56:25'),
(205, 'driver_wallet.index', 'web', '2025-08-25 22:56:25', '2025-08-25 22:56:25'),
(206, 'driver_wallet.credit', 'web', '2025-08-25 22:56:25', '2025-08-25 22:56:25'),
(207, 'driver_wallet.debit', 'web', '2025-08-25 22:56:25', '2025-08-25 22:56:25'),
(208, 'service.index', 'web', '2025-08-25 22:56:25', '2025-08-25 22:56:25'),
(209, 'service.edit', 'web', '2025-08-25 22:56:25', '2025-08-25 22:56:25'),
(210, 'onboarding.index', 'web', '2025-08-25 22:56:25', '2025-08-25 22:56:25'),
(211, 'onboarding.edit', 'web', '2025-08-25 22:56:25', '2025-08-25 22:56:25'),
(212, 'service_category.index', 'web', '2025-08-25 22:56:25', '2025-08-25 22:56:25'),
(213, 'service_category.edit', 'web', '2025-08-25 22:56:25', '2025-08-25 22:56:25'),
(214, 'taxido_setting.index', 'web', '2025-08-25 22:56:25', '2025-08-25 22:56:25'),
(215, 'taxido_setting.edit', 'web', '2025-08-25 22:56:25', '2025-08-25 22:56:25'),
(216, 'ride_request.index', 'web', '2025-08-25 22:56:25', '2025-08-25 22:56:25'),
(217, 'ride_request.create', 'web', '2025-08-25 22:56:25', '2025-08-25 22:56:25'),
(218, 'ride_request.edit', 'web', '2025-08-25 22:56:25', '2025-08-25 22:56:25'),
(219, 'ride_request.destroy', 'web', '2025-08-25 22:56:25', '2025-08-25 22:56:25'),
(220, 'ride_request.restore', 'web', '2025-08-25 22:56:25', '2025-08-25 22:56:25'),
(221, 'ride_request.forceDelete', 'web', '2025-08-25 22:56:25', '2025-08-25 22:56:25'),
(222, 'ride.index', 'web', '2025-08-25 22:56:25', '2025-08-25 22:56:25'),
(223, 'ride.create', 'web', '2025-08-25 22:56:25', '2025-08-25 22:56:25'),
(224, 'ride.edit', 'web', '2025-08-25 22:56:25', '2025-08-25 22:56:25'),
(225, 'plan.index', 'web', '2025-08-25 22:56:25', '2025-08-25 22:56:25'),
(226, 'plan.create', 'web', '2025-08-25 22:56:25', '2025-08-25 22:56:25'),
(227, 'plan.edit', 'web', '2025-08-25 22:56:25', '2025-08-25 22:56:25'),
(228, 'plan.destroy', 'web', '2025-08-25 22:56:25', '2025-08-25 22:56:25'),
(229, 'plan.restore', 'web', '2025-08-25 22:56:25', '2025-08-25 22:56:25'),
(230, 'plan.forceDelete', 'web', '2025-08-25 22:56:25', '2025-08-25 22:56:25'),
(231, 'airport.index', 'web', '2025-08-25 22:56:25', '2025-08-25 22:56:25'),
(232, 'airport.create', 'web', '2025-08-25 22:56:25', '2025-08-25 22:56:25'),
(233, 'airport.edit', 'web', '2025-08-25 22:56:25', '2025-08-25 22:56:25'),
(234, 'airport.destroy', 'web', '2025-08-25 22:56:25', '2025-08-25 22:56:25'),
(235, 'airport.restore', 'web', '2025-08-25 22:56:25', '2025-08-25 22:56:25'),
(236, 'airport.forceDelete', 'web', '2025-08-25 22:56:25', '2025-08-25 22:56:25'),
(237, 'surge_price.index', 'web', '2025-08-25 22:56:25', '2025-08-25 22:56:25'),
(238, 'surge_price.create', 'web', '2025-08-25 22:56:25', '2025-08-25 22:56:25'),
(239, 'surge_price.edit', 'web', '2025-08-25 22:56:25', '2025-08-25 22:56:25'),
(240, 'surge_price.destroy', 'web', '2025-08-25 22:56:25', '2025-08-25 22:56:25'),
(241, 'surge_price.restore', 'web', '2025-08-25 22:56:25', '2025-08-25 22:56:25'),
(242, 'surge_price.forceDelete', 'web', '2025-08-25 22:56:25', '2025-08-25 22:56:25'),
(243, 'subscription.index', 'web', '2025-08-25 22:56:25', '2025-08-25 22:56:25'),
(244, 'subscription.create', 'web', '2025-08-25 22:56:25', '2025-08-25 22:56:25'),
(245, 'subscription.edit', 'web', '2025-08-25 22:56:25', '2025-08-25 22:56:25'),
(246, 'subscription.destroy', 'web', '2025-08-25 22:56:25', '2025-08-25 22:56:25'),
(247, 'subscription.purchase', 'web', '2025-08-25 22:56:25', '2025-08-25 22:56:25'),
(248, 'subscription.cancel', 'web', '2025-08-25 22:56:25', '2025-08-25 22:56:25'),
(249, 'bid.index', 'web', '2025-08-25 22:56:25', '2025-08-25 22:56:25'),
(250, 'bid.create', 'web', '2025-08-25 22:56:25', '2025-08-25 22:56:25'),
(251, 'bid.edit', 'web', '2025-08-25 22:56:25', '2025-08-25 22:56:25'),
(252, 'push_notification.index', 'web', '2025-08-25 22:56:25', '2025-08-25 22:56:25'),
(253, 'push_notification.create', 'web', '2025-08-25 22:56:25', '2025-08-25 22:56:25'),
(254, 'push_notification.destroy', 'web', '2025-08-25 22:56:25', '2025-08-25 22:56:25'),
(255, 'push_notification.forceDelete', 'web', '2025-08-25 22:56:25', '2025-08-25 22:56:25'),
(256, 'rider_wallet.index', 'web', '2025-08-25 22:56:25', '2025-08-25 22:56:25'),
(257, 'rider_wallet.credit', 'web', '2025-08-25 22:56:26', '2025-08-25 22:56:26'),
(258, 'rider_wallet.debit', 'web', '2025-08-25 22:56:26', '2025-08-25 22:56:26'),
(259, 'withdraw_request.index', 'web', '2025-08-25 22:56:26', '2025-08-25 22:56:26'),
(260, 'withdraw_request.create', 'web', '2025-08-25 22:56:26', '2025-08-25 22:56:26'),
(261, 'withdraw_request.edit', 'web', '2025-08-25 22:56:26', '2025-08-25 22:56:26'),
(262, 'fleet_withdraw_request.index', 'web', '2025-08-25 22:56:26', '2025-08-25 22:56:26'),
(263, 'fleet_withdraw_request.create', 'web', '2025-08-25 22:56:26', '2025-08-25 22:56:26'),
(264, 'fleet_withdraw_request.edit', 'web', '2025-08-25 22:56:26', '2025-08-25 22:56:26'),
(265, 'report.index', 'web', '2025-08-25 22:56:26', '2025-08-25 22:56:26'),
(266, 'report.create', 'web', '2025-08-25 22:56:26', '2025-08-25 22:56:26'),
(267, 'driver_location.index', 'web', '2025-08-25 22:56:26', '2025-08-25 22:56:26'),
(268, 'driver_location.create', 'web', '2025-08-25 22:56:26', '2025-08-25 22:56:26'),
(269, 'cancellation_reason.index', 'web', '2025-08-25 22:56:26', '2025-08-25 22:56:26'),
(270, 'cancellation_reason.create', 'web', '2025-08-25 22:56:26', '2025-08-25 22:56:26'),
(271, 'cancellation_reason.edit', 'web', '2025-08-25 22:56:26', '2025-08-25 22:56:26'),
(272, 'cancellation_reason.destroy', 'web', '2025-08-25 22:56:26', '2025-08-25 22:56:26'),
(273, 'cancellation_reason.restore', 'web', '2025-08-25 22:56:26', '2025-08-25 22:56:26'),
(274, 'cancellation_reason.forceDelete', 'web', '2025-08-25 22:56:26', '2025-08-25 22:56:26'),
(275, 'driver_review.index', 'web', '2025-08-25 22:56:26', '2025-08-25 22:56:26'),
(276, 'driver_review.create', 'web', '2025-08-25 22:56:26', '2025-08-25 22:56:26'),
(277, 'driver_review.destroy', 'web', '2025-08-25 22:56:26', '2025-08-25 22:56:26'),
(278, 'driver_review.restore', 'web', '2025-08-25 22:56:26', '2025-08-25 22:56:26'),
(279, 'driver_review.forceDelete', 'web', '2025-08-25 22:56:26', '2025-08-25 22:56:26'),
(280, 'rider_review.index', 'web', '2025-08-25 22:56:26', '2025-08-25 22:56:26'),
(281, 'rider_review.create', 'web', '2025-08-25 22:56:26', '2025-08-25 22:56:26'),
(282, 'rider_review.destroy', 'web', '2025-08-25 22:56:26', '2025-08-25 22:56:26'),
(283, 'rider_review.restore', 'web', '2025-08-25 22:56:26', '2025-08-25 22:56:26'),
(284, 'rider_review.forceDelete', 'web', '2025-08-25 22:56:26', '2025-08-25 22:56:26'),
(285, 'hourly_package.index', 'web', '2025-08-25 22:56:26', '2025-08-25 22:56:26'),
(286, 'hourly_package.create', 'web', '2025-08-25 22:56:26', '2025-08-25 22:56:26'),
(287, 'hourly_package.edit', 'web', '2025-08-25 22:56:26', '2025-08-25 22:56:26'),
(288, 'hourly_package.destroy', 'web', '2025-08-25 22:56:26', '2025-08-25 22:56:26'),
(289, 'hourly_package.restore', 'web', '2025-08-25 22:56:26', '2025-08-25 22:56:26'),
(290, 'hourly_package.forceDelete', 'web', '2025-08-25 22:56:26', '2025-08-25 22:56:26'),
(291, 'sos_alert.index', 'web', '2025-08-25 22:56:26', '2025-08-25 22:56:26'),
(292, 'sos_alert.create', 'web', '2025-08-25 22:56:26', '2025-08-25 22:56:26'),
(293, 'sos_alert.edit', 'web', '2025-08-25 22:56:26', '2025-08-25 22:56:26'),
(294, 'sos_alert.destroy', 'web', '2025-08-25 22:56:26', '2025-08-25 22:56:26'),
(295, 'sos_alert.restore', 'web', '2025-08-25 22:56:26', '2025-08-25 22:56:26'),
(296, 'sos_alert.forceDelete', 'web', '2025-08-25 22:56:26', '2025-08-25 22:56:26'),
(297, 'rental_vehicle.index', 'web', '2025-08-25 22:56:26', '2025-08-25 22:56:26'),
(298, 'rental_vehicle.create', 'web', '2025-08-25 22:56:26', '2025-08-25 22:56:26'),
(299, 'rental_vehicle.edit', 'web', '2025-08-25 22:56:26', '2025-08-25 22:56:26'),
(300, 'rental_vehicle.destroy', 'web', '2025-08-25 22:56:26', '2025-08-25 22:56:26'),
(301, 'rental_vehicle.restore', 'web', '2025-08-25 22:56:26', '2025-08-25 22:56:26'),
(302, 'rental_vehicle.forceDelete', 'web', '2025-08-25 22:56:26', '2025-08-25 22:56:26'),
(303, 'fleet_manager.index', 'web', '2025-08-25 22:56:26', '2025-08-25 22:56:26'),
(304, 'fleet_manager.create', 'web', '2025-08-25 22:56:26', '2025-08-25 22:56:26'),
(305, 'fleet_manager.edit', 'web', '2025-08-25 22:56:26', '2025-08-25 22:56:26'),
(306, 'fleet_manager.destroy', 'web', '2025-08-25 22:56:26', '2025-08-25 22:56:26'),
(307, 'fleet_manager.restore', 'web', '2025-08-25 22:56:26', '2025-08-25 22:56:26'),
(308, 'fleet_manager.forceDelete', 'web', '2025-08-25 22:56:26', '2025-08-25 22:56:26'),
(309, 'fleet_wallet.index', 'web', '2025-08-25 22:56:26', '2025-08-25 22:56:26'),
(310, 'fleet_wallet.credit', 'web', '2025-08-25 22:56:26', '2025-08-25 22:56:26'),
(311, 'fleet_wallet.debit', 'web', '2025-08-25 22:56:26', '2025-08-25 22:56:26'),
(312, 'chat.index', 'web', '2025-08-25 22:56:26', '2025-08-25 22:56:26'),
(313, 'chat.send', 'web', '2025-08-25 22:56:26', '2025-08-25 22:56:26'),
(314, 'chat.replay', 'web', '2025-08-25 22:56:26', '2025-08-25 22:56:26'),
(315, 'chat.delete', 'web', '2025-08-25 22:56:26', '2025-08-25 22:56:26'),
(316, 'ambulance.index', 'web', '2025-08-25 22:56:26', '2025-08-25 22:56:26'),
(317, 'ticket.ticket.index', 'web', '2025-08-25 22:56:34', '2025-08-25 22:56:34'),
(318, 'ticket.ticket.create', 'web', '2025-08-25 22:56:34', '2025-08-25 22:56:34'),
(319, 'ticket.ticket.reply', 'web', '2025-08-25 22:56:34', '2025-08-25 22:56:34'),
(320, 'ticket.ticket.destroy', 'web', '2025-08-25 22:56:34', '2025-08-25 22:56:34'),
(321, 'ticket.ticket.restore', 'web', '2025-08-25 22:56:34', '2025-08-25 22:56:34'),
(322, 'ticket.ticket.forceDelete', 'web', '2025-08-25 22:56:34', '2025-08-25 22:56:34'),
(323, 'ticket.priority.index', 'web', '2025-08-25 22:56:34', '2025-08-25 22:56:34'),
(324, 'ticket.priority.create', 'web', '2025-08-25 22:56:34', '2025-08-25 22:56:34'),
(325, 'ticket.priority.edit', 'web', '2025-08-25 22:56:34', '2025-08-25 22:56:34'),
(326, 'ticket.priority.destroy', 'web', '2025-08-25 22:56:34', '2025-08-25 22:56:34'),
(327, 'ticket.priority.restore', 'web', '2025-08-25 22:56:34', '2025-08-25 22:56:34'),
(328, 'ticket.priority.forceDelete', 'web', '2025-08-25 22:56:34', '2025-08-25 22:56:34'),
(329, 'ticket.executive.index', 'web', '2025-08-25 22:56:35', '2025-08-25 22:56:35'),
(330, 'ticket.executive.create', 'web', '2025-08-25 22:56:35', '2025-08-25 22:56:35'),
(331, 'ticket.executive.edit', 'web', '2025-08-25 22:56:35', '2025-08-25 22:56:35'),
(332, 'ticket.executive.destroy', 'web', '2025-08-25 22:56:35', '2025-08-25 22:56:35'),
(333, 'ticket.executive.restore', 'web', '2025-08-25 22:56:35', '2025-08-25 22:56:35'),
(334, 'ticket.executive.forceDelete', 'web', '2025-08-25 22:56:35', '2025-08-25 22:56:35'),
(335, 'ticket.department.index', 'web', '2025-08-25 22:56:35', '2025-08-25 22:56:35'),
(336, 'ticket.department.create', 'web', '2025-08-25 22:56:35', '2025-08-25 22:56:35'),
(337, 'ticket.department.edit', 'web', '2025-08-25 22:56:35', '2025-08-25 22:56:35'),
(338, 'ticket.department.show', 'web', '2025-08-25 22:56:35', '2025-08-25 22:56:35'),
(339, 'ticket.department.destroy', 'web', '2025-08-25 22:56:35', '2025-08-25 22:56:35'),
(340, 'ticket.department.restore', 'web', '2025-08-25 22:56:35', '2025-08-25 22:56:35'),
(341, 'ticket.department.forceDelete', 'web', '2025-08-25 22:56:35', '2025-08-25 22:56:35'),
(342, 'ticket.formfield.index', 'web', '2025-08-25 22:56:35', '2025-08-25 22:56:35'),
(343, 'ticket.formfield.create', 'web', '2025-08-25 22:56:35', '2025-08-25 22:56:35'),
(344, 'ticket.formfield.edit', 'web', '2025-08-25 22:56:35', '2025-08-25 22:56:35'),
(345, 'ticket.formfield.destroy', 'web', '2025-08-25 22:56:35', '2025-08-25 22:56:35'),
(346, 'ticket.formfield.restore', 'web', '2025-08-25 22:56:35', '2025-08-25 22:56:35'),
(347, 'ticket.formfield.forceDelete', 'web', '2025-08-25 22:56:35', '2025-08-25 22:56:35'),
(348, 'ticket.status.index', 'web', '2025-08-25 22:56:35', '2025-08-25 22:56:35'),
(349, 'ticket.status.create', 'web', '2025-08-25 22:56:35', '2025-08-25 22:56:35'),
(350, 'ticket.status.edit', 'web', '2025-08-25 22:56:35', '2025-08-25 22:56:35'),
(351, 'ticket.status.destroy', 'web', '2025-08-25 22:56:35', '2025-08-25 22:56:35'),
(352, 'ticket.status.restore', 'web', '2025-08-25 22:56:35', '2025-08-25 22:56:35'),
(353, 'ticket.status.forceDelete', 'web', '2025-08-25 22:56:35', '2025-08-25 22:56:35'),
(354, 'ticket.knowledge.index', 'web', '2025-08-25 22:56:35', '2025-08-25 22:56:35'),
(355, 'ticket.knowledge.create', 'web', '2025-08-25 22:56:35', '2025-08-25 22:56:35'),
(356, 'ticket.knowledge.edit', 'web', '2025-08-25 22:56:35', '2025-08-25 22:56:35'),
(357, 'ticket.knowledge.destroy', 'web', '2025-08-25 22:56:35', '2025-08-25 22:56:35'),
(358, 'ticket.knowledge.restore', 'web', '2025-08-25 22:56:35', '2025-08-25 22:56:35'),
(359, 'ticket.knowledge.forceDelete', 'web', '2025-08-25 22:56:35', '2025-08-25 22:56:35'),
(360, 'ticket.category.index', 'web', '2025-08-25 22:56:35', '2025-08-25 22:56:35'),
(361, 'ticket.category.create', 'web', '2025-08-25 22:56:35', '2025-08-25 22:56:35'),
(362, 'ticket.category.edit', 'web', '2025-08-25 22:56:35', '2025-08-25 22:56:35'),
(363, 'ticket.category.destroy', 'web', '2025-08-25 22:56:35', '2025-08-25 22:56:35'),
(364, 'ticket.tag.index', 'web', '2025-08-25 22:56:35', '2025-08-25 22:56:35'),
(365, 'ticket.tag.create', 'web', '2025-08-25 22:56:35', '2025-08-25 22:56:35'),
(366, 'ticket.tag.edit', 'web', '2025-08-25 22:56:35', '2025-08-25 22:56:35'),
(367, 'ticket.tag.destroy', 'web', '2025-08-25 22:56:35', '2025-08-25 22:56:35'),
(368, 'ticket.tag.restore', 'web', '2025-08-25 22:56:35', '2025-08-25 22:56:35'),
(369, 'ticket.tag.forceDelete', 'web', '2025-08-25 22:56:35', '2025-08-25 22:56:35'),
(370, 'ticket.setting.index', 'web', '2025-08-25 22:56:35', '2025-08-25 22:56:35'),
(371, 'ticket.setting.create', 'web', '2025-08-25 22:56:35', '2025-08-25 22:56:35'),
(372, 'ticket.setting.edit', 'web', '2025-08-25 22:56:35', '2025-08-25 22:56:35'),
(373, 'ticket.setting.destroy', 'web', '2025-08-25 22:56:35', '2025-08-25 22:56:35'),
(374, 'ticket.setting.restore', 'web', '2025-08-25 22:56:35', '2025-08-25 22:56:35'),
(375, 'ticket.setting.forceDelete', 'web', '2025-08-25 22:56:35', '2025-08-25 22:56:35');

INSERT INTO `roles` (`id`, `name`, `guard_name`, `system_reserve`, `module`, `status`, `created_at`, `updated_at`) VALUES
(1, 'admin', 'web', 1, NULL, 1, '2025-05-29 23:42:48', '2025-05-29 23:42:48'),
(2, 'user', 'web', 1, NULL, 1, '2025-05-29 23:42:48', '2025-05-29 23:42:48'),
(3, 'rider', 'web', 1, 18, 1, '2025-05-29 23:43:13', '2025-05-29 23:43:13'),
(4, 'driver', 'web', 1, 18, 1, '2025-05-29 23:43:13', '2025-05-29 23:43:13'),
(5, 'executive', 'web', 1, 19, 1, '2025-05-29 23:43:13', '2025-05-29 23:43:13'),
(6, 'dispatcher', 'web', 1, 18, 1, '2025-05-29 23:43:13', '2025-05-29 23:43:13'),
(7, 'fleet_manager', 'web', 1, 18, 1, '2025-05-29 23:43:27', '2025-05-29 23:43:27');

INSERT INTO `model_has_roles` (`role_id`, `model_type`, `model_id`) VALUES
(1, 'App\\Models\\User', 1),
(2, 'App\\Models\\User', 2),
(3, 'App\\Models\\User', 3),
(4, 'App\\Models\\User', 4),
(5, 'App\\Models\\User', 5),
(3, 'App\\Models\\User', 6),
(3, 'App\\Models\\User', 7),
(3, 'App\\Models\\User', 8),
(3, 'App\\Models\\User', 9),
(3, 'App\\Models\\User', 10),
(3, 'App\\Models\\User', 11),
(3, 'App\\Models\\User', 12),
(3, 'App\\Models\\User', 13),
(3, 'App\\Models\\User', 14),
(3, 'App\\Models\\User', 15),
(3, 'App\\Models\\User', 16),
(4, 'App\\Models\\User', 17),
(4, 'App\\Models\\User', 18),
(4, 'App\\Models\\User', 19),
(4, 'App\\Models\\User', 20),
(4, 'App\\Models\\User', 21),
(4, 'App\\Models\\User', 22),
(4, 'App\\Models\\User', 23),
(4, 'App\\Models\\User', 24),
(4, 'App\\Models\\User', 25),
(4, 'App\\Models\\User', 26),
(4, 'App\\Models\\User', 27),
(4, 'App\\Models\\User', 28),
(4, 'App\\Models\\User', 29),
(4, 'App\\Models\\User', 30),
(4, 'App\\Models\\User', 31),
(4, 'App\\Models\\User', 32),
(4, 'App\\Models\\User', 33),
(4, 'App\\Models\\User', 34),
(4, 'App\\Models\\User', 35),
(4, 'App\\Models\\User', 36),
(3, 'App\\Models\\User', 37),
(3, 'App\\Models\\User', 38),
(3, 'App\\Models\\User', 39),
(3, 'App\\Models\\User', 40),
(3, 'App\\Models\\User', 41),
(3, 'App\\Models\\User', 42),
(3, 'App\\Models\\User', 43),
(2, 'App\\Models\\User', 44),
(2, 'App\\Models\\User', 45),
(2, 'App\\Models\\User', 46),
(2, 'App\\Models\\User', 47),
(2, 'App\\Models\\User', 48),
(5, 'App\\Models\\User', 49),
(5, 'App\\Models\\User', 50),
(5, 'App\\Models\\User', 51),
(5, 'App\\Models\\User', 52),
(5, 'App\\Models\\User', 53),
(4, 'App\\Models\\User', 54),
(4, 'App\\Models\\User', 55),
(2, 'App\\Models\\User', 56),
(6, 'App\\Models\\User', 57),
(7, 'App\\Models\\User', 58),
(7, 'App\\Models\\User', 59),
(7, 'App\\Models\\User', 60),
(7, 'App\\Models\\User', 61),
(7, 'App\\Models\\User', 62),
(7, 'App\\Models\\User', 63),
(7, 'App\\Models\\User', 64),
(4, 'App\\Models\\User', 65),
(4, 'App\\Models\\User', 66);

INSERT INTO `role_has_permissions` (`permission_id`, `role_id`) VALUES
(1, 1),
(2, 1),
(3, 1),
(4, 1),
(5, 1),
(6, 1),
(7, 1),
(8, 1),
(9, 1),
(10, 1),
(11, 1),
(12, 1),
(13, 1),
(14, 1),
(15, 1),
(16, 1),
(17, 1),
(18, 1),
(19, 1),
(20, 1),
(21, 1),
(22, 1),
(23, 1),
(24, 1),
(25, 1),
(26, 1),
(27, 1),
(28, 1),
(29, 1),
(30, 1),
(31, 1),
(32, 1),
(33, 1),
(34, 1),
(35, 1),
(36, 1),
(37, 1),
(38, 1),
(39, 1),
(40, 1),
(41, 1),
(42, 1),
(43, 1),
(44, 1),
(45, 1),
(46, 1),
(47, 1),
(48, 1),
(49, 1),
(50, 1),
(51, 1),
(52, 1),
(53, 1),
(54, 1),
(55, 1),
(56, 1),
(57, 1),
(58, 1),
(59, 1),
(60, 1),
(61, 1),
(62, 1),
(63, 1),
(64, 1),
(65, 1),
(66, 1),
(67, 1),
(68, 1),
(69, 1),
(70, 1),
(71, 1),
(72, 1),
(73, 1),
(74, 1),
(75, 1),
(76, 1),
(77, 1),
(78, 1),
(79, 1),
(80, 1),
(81, 1),
(82, 1),
(83, 1),
(84, 1),
(85, 1),
(86, 1),
(87, 1),
(88, 1),
(89, 1),
(90, 1),
(91, 1),
(92, 1),
(93, 1),
(94, 1),
(95, 1),
(96, 1),
(97, 1),
(98, 1),
(99, 1),
(100, 1),
(101, 1),
(102, 1),
(103, 1),
(104, 1),
(105, 1),
(106, 1),
(107, 1),
(108, 1),
(109, 1),
(110, 1),
(111, 1),
(112, 1),
(113, 1),
(114, 1),
(115, 1),
(116, 1),
(117, 1),
(118, 1),
(119, 1),
(120, 1),
(121, 1),
(122, 1),
(123, 1),
(124, 1),
(125, 1),
(126, 1),
(127, 1),
(128, 1),
(129, 1),
(130, 1),
(131, 1),
(132, 1),
(133, 1),
(134, 1),
(135, 1),
(136, 1),
(137, 1),
(138, 1),
(139, 1),
(140, 1),
(141, 1),
(142, 1),
(143, 1),
(144, 1),
(145, 1),
(146, 1),
(147, 1),
(148, 1),
(149, 1),
(150, 1),
(151, 1),
(152, 1),
(153, 1),
(154, 1),
(155, 1),
(156, 1),
(157, 1),
(158, 1),
(159, 1),
(160, 1),
(161, 1),
(162, 1),
(163, 1),
(164, 1),
(165, 1),
(166, 1),
(167, 1),
(168, 1),
(169, 1),
(170, 1),
(171, 1),
(172, 1),
(173, 1),
(174, 1),
(175, 1),
(176, 1),
(177, 1),
(178, 1),
(179, 1),
(180, 1),
(181, 1),
(182, 1),
(183, 1),
(184, 1),
(185, 1),
(186, 1),
(187, 1),
(188, 1),
(189, 1),
(190, 1),
(191, 1),
(192, 1),
(193, 1),
(194, 1),
(195, 1),
(196, 1),
(197, 1),
(198, 1),
(199, 1),
(200, 1),
(201, 1),
(202, 1),
(203, 1),
(204, 1),
(205, 1),
(206, 1),
(207, 1),
(208, 1),
(209, 1),
(210, 1),
(211, 1),
(212, 1),
(213, 1),
(214, 1),
(215, 1),
(216, 1),
(217, 1),
(218, 1),
(219, 1),
(220, 1),
(221, 1),
(222, 1),
(223, 1),
(224, 1),
(225, 1),
(226, 1),
(227, 1),
(228, 1),
(229, 1),
(230, 1),
(231, 1),
(232, 1),
(233, 1),
(234, 1),
(235, 1),
(236, 1),
(237, 1),
(238, 1),
(239, 1),
(240, 1),
(241, 1),
(242, 1),
(243, 1),
(244, 1),
(245, 1),
(246, 1),
(247, 1),
(248, 1),
(249, 1),
(250, 1),
(251, 1),
(252, 1),
(253, 1),
(254, 1),
(255, 1),
(256, 1),
(257, 1),
(258, 1),
(259, 1),
(260, 1),
(261, 1),
(262, 1),
(263, 1),
(264, 1),
(265, 1),
(266, 1),
(267, 1),
(268, 1),
(269, 1),
(270, 1),
(271, 1),
(272, 1),
(273, 1),
(274, 1),
(275, 1),
(276, 1),
(277, 1),
(278, 1),
(279, 1),
(280, 1),
(281, 1),
(282, 1),
(283, 1),
(284, 1),
(285, 1),
(286, 1),
(287, 1),
(288, 1),
(289, 1),
(290, 1),
(291, 1),
(292, 1),
(293, 1),
(294, 1),
(295, 1),
(296, 1),
(297, 1),
(298, 1),
(299, 1),
(300, 1),
(301, 1),
(302, 1),
(303, 1),
(304, 1),
(305, 1),
(306, 1),
(307, 1),
(308, 1),
(309, 1),
(310, 1),
(311, 1),
(312, 1),
(313, 1),
(314, 1),
(315, 1),
(316, 1),
(317, 1),
(318, 1),
(319, 1),
(320, 1),
(321, 1),
(322, 1),
(323, 1),
(324, 1),
(325, 1),
(326, 1),
(327, 1),
(328, 1),
(329, 1),
(330, 1),
(331, 1),
(332, 1),
(333, 1),
(334, 1),
(335, 1),
(336, 1),
(337, 1),
(338, 1),
(339, 1),
(340, 1),
(341, 1),
(342, 1),
(343, 1),
(344, 1),
(345, 1),
(346, 1),
(347, 1),
(348, 1),
(349, 1),
(350, 1),
(351, 1),
(352, 1),
(353, 1),
(354, 1),
(355, 1),
(356, 1),
(357, 1),
(358, 1),
(359, 1),
(360, 1),
(361, 1),
(362, 1),
(363, 1),
(364, 1),
(365, 1),
(366, 1),
(367, 1),
(368, 1),
(369, 1),
(370, 1),
(371, 1),
(372, 1),
(373, 1),
(374, 1),
(375, 1),
(17, 2),
(21, 2),
(27, 2),
(33, 2),
(39, 2),
(45, 2),
(51, 2),
(57, 2),
(102, 2),
(317, 2),
(318, 2),
(319, 2),
(320, 2),
(321, 2),
(322, 2),
(354, 2),
(360, 2),
(364, 2),
(108, 3),
(120, 3),
(132, 3),
(138, 3),
(144, 3),
(150, 3),
(174, 3),
(208, 3),
(212, 3),
(216, 3),
(217, 3),
(218, 3),
(219, 3),
(222, 3),
(223, 3),
(224, 3),
(249, 3),
(251, 3),
(256, 3),
(269, 3),
(275, 3),
(276, 3),
(280, 3),
(285, 3),
(291, 3),
(297, 3),
(312, 3),
(313, 3),
(314, 3),
(315, 3),
(316, 3),
(114, 4),
(116, 4),
(138, 4),
(144, 4),
(168, 4),
(174, 4),
(180, 4),
(181, 4),
(186, 4),
(192, 4),
(198, 4),
(205, 4),
(208, 4),
(212, 4),
(216, 4),
(218, 4),
(222, 4),
(224, 4),
(225, 4),
(231, 4),
(237, 4),
(243, 4),
(247, 4),
(248, 4),
(249, 4),
(250, 4),
(259, 4),
(260, 4),
(275, 4),
(280, 4),
(281, 4),
(285, 4),
(291, 4),
(297, 4),
(298, 4),
(299, 4),
(300, 4),
(301, 4),
(303, 4),
(312, 4),
(313, 4),
(314, 4),
(315, 4),
(316, 4),
(114, 6),
(116, 6),
(120, 6),
(122, 6),
(126, 6),
(144, 6),
(156, 6),
(168, 6),
(208, 6),
(212, 6),
(216, 6),
(218, 6),
(219, 6),
(220, 6),
(222, 6),
(224, 6),
(267, 6),
(269, 6),
(316, 6),
(114, 7),
(144, 7),
(156, 7),
(168, 7),
(180, 7),
(186, 7),
(192, 7),
(198, 7),
(208, 7),
(212, 7),
(216, 7),
(222, 7),
(259, 7),
(260, 7),
(262, 7),
(263, 7),
(267, 7),
(303, 7),
(304, 7),
(305, 7),
(306, 7),
(307, 7),
(309, 7),
(316, 7),
(317, 5),
(318, 5),
(319, 5);

INSERT INTO `migrations` (`id`, `migration`, `batch`) VALUES
(1, '0001_01_01_000000_create_users_table', 1),
(2, '0001_01_01_000001_create_cache_table', 1),
(3, '0001_01_01_000002_create_jobs_table', 1),
(4, '2014_10_12_100000_create_password_resets_table', 1),
(5, '2017_08_11_073824_create_menus_wp_table', 1),
(6, '2017_08_11_074006_create_menu_items_wp_table', 1),
(7, '2021_11_25_094447_create_countries_table', 1),
(8, '2022_05_30_090203_create_media_table', 1),
(9, '2022_09_28_105314_create_categories_table', 1),
(10, '2022_10_01_135505_create_tags_table', 1),
(11, '2023_04_20_044705_create_notifications_table', 1),
(12, '2023_05_30_112559_create_modules_table', 1),
(13, '2023_10_07_060301_create_blogs_table', 1),
(14, '2023_11_15_131828_create_pages_table', 1),
(15, '2023_12_05_062849_create_payment_gateways_table', 1),
(16, '2024_04_20_061325_create_plugins_table', 1),
(17, '2024_05_01_042107_create_auth_tokens_table', 1),
(18, '2024_05_23_082318_create_personal_access_tokens_table', 1),
(19, '2024_05_25_081827_create_permission_tables', 1),
(20, '2024_07_09_095953_create_taxes_table', 1),
(21, '2024_07_09_104520_create_currencies_table', 1),
(22, '2024_07_12_043614_create_languages_table', 1),
(23, '2024_07_12_044309_add_columns_users_table', 1),
(24, '2024_07_12_044309_create_settings_table', 1),
(25, '2024_07_12_044309_create_taxido_settings_table', 1),
(26, '2024_07_18_084646_create_banners_table', 1),
(27, '2024_07_18_084724_create_documents_table', 1),
(28, '2024_07_18_084754_create_services_table', 1),
(29, '2024_07_18_084755_create_vehicle_types_table', 1),
(30, '2024_07_18_084756_create_airports_table', 1),
(31, '2024_07_19_082823_create_priorities_table', 1),
(32, '2024_07_19_090319_create_zones_table', 1),
(33, '2024_07_19_090419_create_addresses_table', 1),
(34, '2024_07_19_130334_create_faqs_table', 1),
(35, '2024_07_22_070950_create_driver_rules_table', 1),
(36, '2024_07_22_090803_create_form_fields_table', 1),
(37, '2024_07_22_124552_create_payment_accounts_table', 1),
(38, '2024_07_24_083029_create_message_table', 1),
(39, '2024_07_24_101439_create_wallets_table', 1),
(40, '2024_07_24_103346_create_driver_documents_table', 1),
(41, '2024_07_25_052049_create_ticket_settings_table', 1),
(42, '2024_08_01_061513_create_statuses_table', 1),
(43, '2024_08_02_115838_create_hourly_packages_table', 1),
(44, '2024_08_02_130158_create_coupons_table', 1),
(45, '2024_08_12_045713_create_departments_table', 1),
(46, '2024_08_12_115839_create_service_categories_table', 1),
(47, '2024_08_13_052445_create_tickets_table', 1),
(48, '2024_08_29_102551_create_withdraw_requests_table', 1),
(49, '2024_08_31_033317_add_alternative_text_to_media_table', 1),
(50, '2024_08_31_052446_create_reports_table', 1),
(51, '2024_09_03_070923_create_push_notifications_table', 1),
(52, '2024_09_03_072944_create_ratings_table', 1),
(53, '2024_09_06_122033_create_knowledge_base_categories_table', 1),
(54, '2024_09_06_123438_create_landing_pages_table', 1),
(55, '2024_09_07_094637_create_knowledge_base_tags_table', 1),
(56, '2024_09_09_094216_create_knowledge_bases_table', 1),
(57, '2024_09_09_115527_create_cancellation_reasons_table', 1),
(58, '2024_10_01_124515_create_rental_vehicles', 1),
(59, '2024_10_02_115840_create_rides_table', 1),
(60, '2024_10_07_120923_create_rider_reviews_table', 1),
(61, '2024_10_07_121023_create_driver_reviews_table', 1),
(62, '2024_10_08_070424_create_sos_table', 1),
(63, '2024_10_12_083722_create_email_templates', 1),
(64, '2024_10_14_111617_create_sms_templates', 1),
(65, '2024_10_15_041531_create_push_notification_templates', 1),
(66, '2024_11_22_062049_create_notices_table', 1),
(67, '2024_11_25_035910_create_testimonials_table', 1),
(68, '2024_11_27_054315_create_backup_logs', 1),
(69, '2024_11_28_120846_create_activity_log_table', 1),
(70, '2024_11_28_120847_add_event_column_to_activity_log_table', 1),
(71, '2024_11_28_120848_add_batch_uuid_column_to_activity_log_table', 1),
(72, '2024_12_16_035102_create_customizations_table', 1),
(73, '2024_12_22_060359_create_cab_commission_histories_table', 1),
(74, '2025_01_03_092822_create_plans_table', 1),
(75, '2025_01_20_133742_2023_10_07_060301_create_subscribes_table', 1),
(76, '2025_03_12_052604_create_onboardings_table', 1),
(77, '2025_06_20_084145_create_surge_prices_table', 1),
(78, '2025_07_01_115854_create_extra_charges_table', 1);

INSERT INTO `menu_items` (`id`, `label`, `route`, `params`, `slug`, `permission`, `parent`, `module`, `section`, `sort`, `class`, `icon`, `badge`, `badgeable`, `badge_callback`, `menu`, `depth`, `quick_link`, `status`, `role_id`, `created_by_id`, `created_at`, `updated_at`, `deleted_at`) VALUES
(1, 'static.dashboard', 'admin.dashboard.index', NULL, 'staticdashboard', '', 0, NULL, 'static.home', 0, NULL, 'ri-dashboard-line', 0, 0, NULL, 1, 0, 0, 1, 0, 1, '2025-08-25 23:22:51', '2025-08-25 23:22:51', NULL),
(2, 'static.users.users', 'admin.user.index', NULL, 'staticusersusers', 'user.index', 0, NULL, 'static.user_management', 1, NULL, 'ri-group-line', 0, 0, NULL, 1, 0, 0, 1, 0, 1, '2025-08-25 23:22:51', '2025-08-25 23:22:51', NULL),
(3, 'static.users.all', 'admin.user.index', NULL, 'staticusersall', 'user.index', 2, NULL, 'static.user_management', 2, NULL, 'ri-user-3-line', 0, 0, NULL, 1, 1, 0, 1, 0, 1, '2025-08-25 23:22:51', '2025-08-25 23:22:51', NULL),
(4, 'static.users.add', 'admin.user.create', NULL, 'staticusersadd', 'user.create', 2, NULL, 'static.user_management', 3, NULL, 'ri-user-add-line', 0, 0, NULL, 1, 1, 0, 1, 0, 1, '2025-08-25 23:22:51', '2025-08-25 23:22:51', NULL),
(5, 'static.users.role_permissions', 'admin.role.index', NULL, 'staticusersrole-permissions', 'role.index', 2, NULL, 'static.user_management', 4, NULL, 'ri-lock-line', 0, 0, NULL, 1, 1, 0, 1, 0, 1, '2025-08-25 23:22:51', '2025-08-25 23:22:51', NULL),
(6, 'static.media.media', 'admin.media.index', NULL, 'staticmediamedia', 'attachment.index', 0, NULL, 'static.home', 5, NULL, 'ri-folder-open-line', 0, 0, NULL, 1, 0, 0, 1, 0, 1, '2025-08-25 23:22:51', '2025-08-25 23:22:51', NULL),
(7, 'static.blogs.blogs', 'admin.blog.index', NULL, 'staticblogsblogs', 'blog.index', 0, NULL, 'static.content_management', 6, NULL, 'ri-pushpin-line', 0, 0, NULL, 1, 0, 0, 1, 0, 1, '2025-08-25 23:22:51', '2025-08-25 23:22:51', NULL),
(8, 'static.blogs.all_blogs', 'admin.blog.index', NULL, 'staticblogsall-blogs', 'blog.index', 7, NULL, 'static.content_management', 7, NULL, 'ri-bookmark-line', 0, 0, NULL, 1, 1, 0, 1, 0, 1, '2025-08-25 23:22:51', '2025-08-25 23:22:51', NULL),
(9, 'static.blogs.add_blogs', 'admin.blog.create', NULL, 'staticblogsadd-blogs', 'blog.create', 7, NULL, 'static.content_management', 8, NULL, 'ri-add-line', 0, 0, NULL, 1, 1, 0, 1, 0, 1, '2025-08-25 23:22:51', '2025-08-25 23:22:51', NULL),
(10, 'static.categories.categories', 'admin.category.index', NULL, 'staticcategoriescategories', 'category.index', 7, NULL, 'static.content_management', 9, NULL, 'ri-folder-line', 0, 0, NULL, 1, 1, 0, 1, 0, 1, '2025-08-25 23:22:51', '2025-08-25 23:22:51', NULL),
(11, 'static.tags.tags', 'admin.tag.index', NULL, 'statictagstags', 'tag.index', 7, NULL, 'static.content_management', 10, NULL, 'ri-price-tag-3-line', 0, 0, NULL, 1, 1, 0, 1, 0, 1, '2025-08-25 23:22:51', '2025-08-25 23:22:51', NULL),
(12, 'static.pages.pages', 'admin.page.index', NULL, 'staticpagespages', 'page.index', 0, NULL, 'static.content_management', 11, NULL, 'ri-pages-line', 0, 0, NULL, 1, 0, 0, 1, 0, 1, '2025-08-25 23:22:51', '2025-08-25 23:22:51', NULL),
(13, 'static.pages.all_page', 'admin.page.index', NULL, 'staticpagesall-page', 'page.index', 12, NULL, 'static.content_management', 12, NULL, 'ri-list-check', 0, 0, NULL, 1, 1, 0, 1, 0, 1, '2025-08-25 23:22:51', '2025-08-25 23:22:51', NULL),
(14, 'static.pages.add', 'admin.page.create', NULL, 'staticpagesadd', 'page.create', 12, NULL, 'static.content_management', 13, NULL, 'ri-add-line', 0, 0, NULL, 1, 1, 0, 1, 0, 1, '2025-08-25 23:22:51', '2025-08-25 23:22:51', NULL),
(15, 'static.notify_templates.notify_templates', 'admin.email-template.index', NULL, 'staticnotify-templatesnotify-templates', 'email_template.index', 0, NULL, 'static.promotion_management', 14, NULL, 'ri-pushpin-line', 0, 0, NULL, 1, 0, 0, 1, 0, 1, '2025-08-25 23:22:51', '2025-08-25 23:22:51', NULL),
(16, 'static.notify_templates.email', 'admin.email-template.index', NULL, 'staticnotify-templatesemail', 'email_template.index', 15, NULL, 'static.promotion_management', 15, NULL, 'ri-dashboard-line', 0, 0, NULL, 1, 1, 0, 1, 0, 1, '2025-08-25 23:22:51', '2025-08-25 23:22:51', NULL),
(17, 'static.notify_templates.sms', 'admin.sms-template.index', NULL, 'staticnotify-templatessms', 'sms_template.index', 15, NULL, 'static.promotion_management', 16, NULL, 'ri-dashboard-line', 0, 0, NULL, 1, 1, 0, 1, 0, 1, '2025-08-25 23:22:51', '2025-08-25 23:22:51', NULL),
(18, 'static.notify_templates.push_notification', 'admin.push-notification-template.index', NULL, 'staticnotify-templatespush-notification', 'push_notification_template.index', 15, NULL, 'static.promotion_management', 17, NULL, 'ri-dashboard-line', 0, 0, NULL, 1, 1, 0, 1, 0, 1, '2025-08-25 23:22:51', '2025-08-25 23:22:51', NULL),
(19, 'static.testimonials.testimonials', 'admin.testimonial.index', NULL, 'statictestimonialstestimonials', 'testimonial.index', 0, NULL, 'static.promotion_management', 18, NULL, 'ri-group-line', 0, 0, NULL, 1, 0, 0, 1, 0, 1, '2025-08-25 23:22:51', '2025-08-25 23:22:51', NULL),
(20, 'static.testimonials.all_testimonials', 'admin.testimonial.index', NULL, 'statictestimonialsall-testimonials', 'testimonial.index', 19, NULL, 'static.promotion_management', 19, NULL, 'ri-list-check', 0, 0, NULL, 1, 1, 0, 1, 0, 1, '2025-08-25 23:22:51', '2025-08-25 23:22:51', NULL),
(21, 'static.testimonials.add', 'admin.testimonial.create', NULL, 'statictestimonialsadd', 'testimonial.create', 19, NULL, 'static.promotion_management', 20, NULL, 'ri-add-line', 0, 0, NULL, 1, 1, 0, 1, 0, 1, '2025-08-25 23:22:51', '2025-08-25 23:22:51', NULL),
(22, 'static.faqs.faqs', 'admin.faq.index', NULL, 'staticfaqsfaqs', 'faq.index', 0, NULL, 'static.content_management', 21, NULL, 'ri-questionnaire-line', 0, 0, NULL, 1, 0, 0, 1, 0, 1, '2025-08-25 23:22:51', '2025-08-25 23:22:51', NULL),
(23, 'static.general_settings', 'admin.setting.index', NULL, 'staticgeneral-settings', 'setting.index', 0, NULL, 'static.setting_management', 22, NULL, 'ri-settings-5-line', 0, 0, NULL, 1, 0, 0, 1, 0, 1, '2025-08-25 23:22:51', '2025-08-25 23:22:51', NULL),
(24, 'static.languages.languages', 'admin.language.index', NULL, 'staticlanguageslanguages', 'language.index', 23, NULL, 'static.setting_management', 23, NULL, 'ri-translate-2', 0, 0, NULL, 1, 1, 0, 1, 0, 1, '2025-08-25 23:22:51', '2025-08-25 23:22:51', NULL),
(25, 'static.taxes.taxes', 'admin.tax.index', NULL, 'statictaxestaxes', 'tax.index', 23, NULL, 'static.financial_management', 24, NULL, 'ri-percent-line', 0, 0, NULL, 1, 1, 0, 1, 0, 1, '2025-08-25 23:22:51', '2025-08-25 23:22:51', NULL),
(26, 'static.currencies.currencies', 'admin.currency.index', NULL, 'staticcurrenciescurrencies', 'currency.index', 23, NULL, 'static.financial_management', 25, NULL, 'ri-currency-line', 0, 0, NULL, 1, 1, 0, 1, 0, 1, '2025-08-25 23:22:51', '2025-08-25 23:22:51', NULL),
(27, 'static.plugins.plugins', 'admin.plugin.index', NULL, 'staticpluginsplugins', 'plugin.index', 23, NULL, 'static.setting_management', 26, NULL, 'ri-plug-line', 0, 0, NULL, 1, 1, 0, 1, 0, 1, '2025-08-25 23:22:51', '2025-08-25 23:22:51', NULL),
(28, 'static.payment_methods.payment_methods', 'admin.payment-method.index', NULL, 'staticpayment-methodspayment-methods', 'payment-method.index', 23, NULL, 'static.setting_management', 27, NULL, 'ri-secure-payment-line', 0, 0, NULL, 1, 1, 0, 1, 0, 1, '2025-08-25 23:22:51', '2025-08-25 23:22:51', NULL),
(29, 'static.sms_gateways.sms_gateways', 'admin.sms-gateway.index', NULL, 'staticsms-gatewayssms-gateways', 'sms-gateway.index', 23, NULL, 'static.setting_management', 28, NULL, 'ri-message-2-line', 0, 0, NULL, 1, 1, 0, 1, 0, 1, '2025-08-25 23:22:51', '2025-08-25 23:22:51', NULL),
(30, 'static.systems.about', 'admin.about-system.index', NULL, 'staticsystemsabout', 'about-system.index', 23, NULL, 'static.setting_management', 29, NULL, 'ri-apps-line', 0, 0, NULL, 1, 1, 0, 1, 0, 1, '2025-08-25 23:22:51', '2025-08-25 23:22:51', NULL),
(31, 'static.settings.settings', 'admin.setting.index', NULL, 'staticsettingssettings', 'setting.index', 23, NULL, 'static.setting_management', 30, NULL, 'ri-settings-5-line', 0, 0, NULL, 1, 1, 0, 1, 0, 1, '2025-08-25 23:22:51', '2025-08-25 23:22:51', NULL),
(32, 'static.appearance.appearance', 'admin.robot.index', NULL, 'staticappearanceappearance', 'appearance.index', 0, NULL, 'static.setting_management', 31, NULL, 'ri-swap-3-line', 0, 0, NULL, 1, 0, 0, 1, 0, 1, '2025-08-25 23:22:51', '2025-08-25 23:22:51', NULL),
(33, 'static.appearance.robots', 'admin.robot.index', NULL, 'staticappearancerobots', 'appearance.index', 32, NULL, 'static.setting_management', 32, NULL, '', 0, 0, NULL, 1, 1, 0, 1, 0, 1, '2025-08-25 23:22:51', '2025-08-25 23:22:51', NULL),
(34, 'static.landing_pages.landing_page_title', 'admin.landing-page.index', NULL, 'staticlanding-pageslanding-page-title', 'landing_page.index', 32, NULL, 'static.setting_management', 33, NULL, 'ri-pages-line', 0, 0, NULL, 1, 1, 0, 1, 0, 1, '2025-08-25 23:22:51', '2025-08-25 23:22:51', NULL),
(35, 'static.landing_pages.subscribers', 'admin.subscribes', NULL, 'staticlanding-pagessubscribers', 'landing_page.index', 32, NULL, 'static.setting_management', 34, NULL, 'ri-pages-line', 0, 0, NULL, 1, 1, 0, 1, 0, 1, '2025-08-25 23:22:51', '2025-08-25 23:22:51', NULL),
(36, 'static.appearance.customizations', 'admin.customization.index', NULL, 'staticappearancecustomizations', 'appearance.index', 32, NULL, 'static.setting_management', 35, NULL, 'ri-pages-line', 0, 0, NULL, 1, 1, 0, 1, 0, 1, '2025-08-25 23:22:51', '2025-08-25 23:22:51', NULL),
(37, 'static.system_tools.system_tools', 'admin.backup.index', NULL, 'staticsystem-toolssystem-tools', 'system-tool.index', 0, NULL, 'static.setting_management', 36, NULL, 'ri-shield-user-line', 0, 0, NULL, 1, 0, 0, 1, 0, 1, '2025-08-25 23:22:51', '2025-08-25 23:22:51', NULL),
(38, 'static.system_tools.backup', 'admin.backup.index', NULL, 'staticsystem-toolsbackup', 'system-tool.index', 37, NULL, 'static.setting_management', 37, NULL, '', 0, 0, NULL, 1, 1, 0, 1, 0, 1, '2025-08-25 23:22:51', '2025-08-25 23:22:51', NULL),
(39, 'static.system_tools.activity_logs', 'admin.activity-logs.index', NULL, 'staticsystem-toolsactivity-logs', 'system-tool.index', 37, NULL, 'static.setting_management', 38, NULL, '', 0, 0, NULL, 1, 1, 0, 1, 0, 1, '2025-08-25 23:22:51', '2025-08-25 23:22:51', NULL),
(40, 'static.system_tools.database_cleanup', 'admin.cleanup-db.index', NULL, 'staticsystem-toolsdatabase-cleanup', 'system-tool.index', 37, NULL, 'static.setting_management', 39, NULL, '', 0, 0, NULL, 1, 1, 0, 1, 0, 1, '2025-08-25 23:22:51', '2025-08-25 23:22:51', NULL),
(41, 'static.menus.menus', 'admin.menu.index', NULL, 'staticmenusmenus', 'menu.index', 0, NULL, 'static.setting_management', 40, NULL, 'ri-menu-2-line', 0, 0, NULL, 1, 0, 0, 1, 0, 1, '2025-08-25 23:22:51', '2025-08-25 23:22:51', NULL),

(45, 'taxido::static.wallets.wallet', 'admin.rider-wallet.index', NULL, 'tx_rider_wallet', 'rider_wallet.index', 42, 1, 'static.user_management', 43, NULL, 'ri-wallet-line', 0, NULL, NULL, 1, 1, 0, 1, 0, 1, '2025-08-25 23:35:20', '2025-08-26 00:26:56', NULL),
(46, 'taxido::static.drivers.drivers', NULL, NULL, 'tx_drivers', 'driver.index', 0, 1, 'static.user_management', 4, NULL, 'ri-user-2-line', 0, NULL, NULL, 1, 0, 0, 1, 0, 1, '2025-08-25 23:35:20', '2025-08-26 00:26:56', NULL),
(47, 'taxido::static.drivers.verified_drivers', 'admin.driver.index', NULL, 'tx_all_drivers', 'driver.index', 46, 1, 'static.user_management', 44, NULL, 'ri-check-line', 0, NULL, NULL, 1, 1, 0, 1, 0, 1, '2025-08-25 23:35:20', '2025-08-26 00:26:56', NULL),
(48, 'taxido::static.drivers.unverified_driver', 'admin.driver.unverified-drivers', NULL, 'tx_unverified_drivers', 'unverified_driver.index', 46, 1, 'static.user_management', 45, NULL, 'ri-alert-line', 0, 1, NULL, 1, 1, 0, 1, 0, 1, '2025-08-25 23:35:20', '2025-08-26 00:26:56', NULL),
(49, 'taxido::static.drivers.add', 'admin.driver.create', NULL, 'tx_driver_add', 'driver.create', 46, 1, 'static.user_management', 46, NULL, 'ri-add-line', 0, NULL, NULL, 1, 1, 0, 1, 0, 1, '2025-08-25 23:35:20', '2025-08-26 00:26:56', NULL),
(50, 'taxido::static.driver_documents.driver_documents', 'admin.driver-document.index', NULL, 'tx_driverDocument', 'driver_document.index', 46, 1, 'static.user_management', 47, NULL, 'ri-document-line', 0, 1, NULL, 1, 1, 0, 1, 0, 1, '2025-08-25 23:35:20', '2025-08-26 00:26:56', NULL),
(51, 'taxido::static.driver_rules.driver_rules', 'admin.driver-rule.index', NULL, 'tx_driverRule', 'driver_rule.index', 46, 1, 'static.user_management', 48, NULL, 'ri-gavel-line', 0, NULL, NULL, 1, 1, 0, 1, 0, 1, '2025-08-25 23:35:20', '2025-08-26 00:26:56', NULL),
(52, 'taxido::static.locations.driver_location', 'admin.driver-location.index', NULL, 'tx_locations', 'driver_location.index', 46, 1, 'static.user_management', 49, NULL, 'ri-road-map-line', 0, NULL, NULL, 1, 1, 0, 1, 0, 1, '2025-08-25 23:35:20', '2025-08-26 00:26:56', NULL),
(53, 'taxido::static.notices.notice', 'admin.notice.index', NULL, 'taxidostaticnoticesnotice', 'notice.index', 46, 1, 'static.user_management', 50, NULL, 'ri-notice-line', 0, NULL, NULL, 1, 1, 0, 1, 0, 1, '2025-08-25 23:35:20', '2025-08-26 00:26:56', NULL),
(54, 'taxido::static.wallets.wallet', 'admin.driver-wallet.index', NULL, 'taxidostaticwalletswallet', 'driver_wallet.index', 46, 1, 'static.user_management', 51, NULL, 'ri-wallet-line', 0, NULL, NULL, 1, 1, 0, 1, 0, 1, '2025-08-25 23:35:20', '2025-08-26 00:26:56', NULL),
(55, 'taxido::static.withdraw_requests.withdraw_request', 'admin.withdraw-request.index', NULL, 'tx_withdrawRequest', 'withdraw_request.index', 46, 1, 'static.user_management', 52, NULL, 'ri-money-dollar-circle-line', 0, 1, NULL, 1, 1, 0, 1, 0, 1, '2025-08-25 23:35:20', '2025-08-26 00:26:56', NULL),
(56, 'taxido::static.commission_histories.commission_histories', 'admin.cab-commission-history.index', NULL, 'tx_commissionHistory', 'cab_commission_history.index', 46, 1, 'static.user_management', 53, NULL, 'ri-money-dollar-circle-line', 0, NULL, NULL, 1, 1, 0, 1, 0, 1, '2025-08-25 23:35:20', '2025-08-26 00:26:56', NULL),

(58, 'taxido::static.dispatchers.all', 'admin.dispatcher.index', NULL, 'tx_all_dispatchers', 'dispatcher.index', 57, 1, 'static.user_management', 55, NULL, 'ri-team-line', 0, NULL, NULL, 1, 1, 0, 1, 0, 1, '2025-08-25 23:35:20', '2025-08-26 00:26:56', NULL),
(59, 'taxido::static.dispatchers.add', 'admin.dispatcher.create', NULL, 'tx_dispatcher_create', 'dispatcher.create', 57, 1, 'static.user_management', 56, NULL, 'ri-user-add-line', 0, NULL, NULL, 1, 1, 0, 1, 0, 1, '2025-08-25 23:35:20', '2025-08-26 00:26:56', NULL),
(60, 'taxido::static.fleet_managers.fleet_managers', NULL, NULL, 'tx_fleet_manager', 'fleet_manager.index', 0, 1, 'static.user_management', 57, NULL, 'ri-truck-line', 0, NULL, NULL, 1, 0, 0, 1, 0, 1, '2025-08-25 23:35:20', '2025-08-26 00:26:56', NULL),
(61, 'taxido::static.fleet_managers.all', 'admin.fleet-manager.index', NULL, 'tx_all_fleet_managers', 'fleet_manager.index', 60, 1, 'static.user_management', 58, NULL, 'ri-team-line', 0, NULL, NULL, 1, 1, 0, 1, 0, 1, '2025-08-25 23:35:20', '2025-08-26 00:26:56', NULL),
(62, 'taxido::static.fleet_managers.add', 'admin.fleet-manager.create', NULL, 'tx_fleet_manager_create', 'fleet_manager.create', 60, 1, 'static.user_management', 59, NULL, 'ri-user-add-line', 0, NULL, NULL, 1, 1, 0, 1, 0, 1, '2025-08-25 23:35:20', '2025-08-26 00:26:56', NULL),
(63, 'taxido::static.wallets.wallet', 'admin.fleet-wallet.index', NULL, 'tx_fleet_manager_wallet', 'fleet_wallet.index', 60, 1, 'static.user_management', 60, NULL, 'ri-wallet-line', 0, NULL, NULL, 1, 1, 0, 1, 0, 1, '2025-08-25 23:35:20', '2025-08-26 00:26:56', NULL),
(64, 'taxido::static.fleet_withdraw_requests.withdraw_request', 'admin.fleet-withdraw-request.index', NULL, 'tx_fleet_withdrawRequest', 'fleet_withdraw_request.index', 60, 1, 'static.user_management', 61, NULL, 'ri-money-dollar-circle-line', 0, 1, NULL, 1, 1, 0, 1, 0, 1, '2025-08-25 23:35:20', '2025-08-26 00:26:56', NULL),
(65, 'taxido::static.zones.zones', NULL, NULL, 'zones', 'zone.index', 0, 1, 'taxido::static.cab_management', 6, NULL, 'ri-route-line', 0, NULL, NULL, 1, 0, 0, 1, 0, 1, '2025-08-25 23:35:20', '2025-08-26 00:26:56', NULL),
(66, 'taxido::static.zones.zones', 'admin.zone.index', NULL, 'tx_zones', 'zone.index', 65, 1, 'taxido::static.cab_management', 62, NULL, 'ri-map-2-line', 0, NULL, NULL, 1, 1, 0, 1, 0, 1, '2025-08-25 23:35:20', '2025-08-26 00:26:56', NULL),
(67, 'taxido::static.zones.add', 'admin.zone.create', NULL, 'tx_zones_create', 'zone.create', 65, 1, 'taxido::static.cab_management', 63, NULL, 'ri-map-2-line', 0, NULL, NULL, 1, 1, 0, 1, 0, 1, '2025-08-25 23:35:20', '2025-08-26 00:26:56', NULL),
(68, 'taxido::static.services.services', 'admin.service.index', NULL, 'tx_service', 'service.index', 0, 1, 'taxido::static.cab_management', 7, NULL, 'ri-pin-distance-line', 0, NULL, NULL, 1, 0, 0, 1, 0, 1, '2025-08-25 23:35:20', '2025-08-26 00:26:56', NULL),
(69, 'taxido::static.services.cab', NULL, NULL, 'tx_service_cab', 'service.index', 0, 1, 'static.home', 8, NULL, 'ri-roadster-line', 0, NULL, NULL, 1, 0, 0, 1, 0, 1, '2025-08-25 23:35:20', '2025-08-26 00:26:56', NULL),
(70, 'taxido::static.service_categories.serviceCategory', 'admin.service-category.cab.index', NULL, 'tx_service_categories_cab', 'service.index', 69, 1, 'static.home', 8, NULL, 'ri-taxi-line', 0, NULL, NULL, 1, 1, 0, 1, 0, 1, '2025-08-25 23:35:20', '2025-08-26 00:26:56', NULL),
(71, 'taxido::static.service_categories.vehicles', 'admin.vehicle-type.cab.index', NULL, 'tx_service_categories_vehicle_cab', 'service.index', 69, 1, 'static.home', 8, NULL, 'ri-taxi-line', 0, NULL, NULL, 1, 1, 0, 1, 0, 1, '2025-08-25 23:35:20', '2025-08-26 00:26:56', NULL),
(72, 'taxido::static.services.freight', NULL, NULL, 'tx_service_freight', 'service.index', 0, 1, 'static.home', 9, NULL, 'ri-truck-line', 0, NULL, NULL, 1, 0, 0, 1, 0, 1, '2025-08-25 23:35:20', '2025-08-26 00:26:56', NULL),
(73, 'taxido::static.service_categories.serviceCategory', 'admin.service-category.freight.index', NULL, 'tx_service_categories_freight', 'service.index', 72, 1, 'static.home', 8, NULL, 'ri-taxi-line', 0, NULL, NULL, 1, 1, 0, 1, 0, 1, '2025-08-25 23:35:20', '2025-08-26 00:26:56', NULL),
(74, 'taxido::static.service_categories.vehicles', 'admin.vehicle-type.freight.index', NULL, 'tx_service_categories_vehicle_freight', 'service.index', 72, 1, 'static.home', 8, NULL, 'ri-taxi-line', 0, NULL, NULL, 1, 1, 0, 1, 0, 1, '2025-08-25 23:35:20', '2025-08-26 00:26:56', NULL),
(75, 'taxido::static.services.parcel', NULL, NULL, 'tx_service_parcel', 'service.index', 0, 1, 'static.home', 9, NULL, 'ri-archive-2-line', 0, NULL, NULL, 1, 0, 0, 1, 0, 1, '2025-08-25 23:35:21', '2025-08-26 00:26:56', NULL),
(76, 'taxido::static.service_categories.serviceCategory', 'admin.service-category.parcel.index', NULL, 'tx_service_categories_parcel', 'service.index', 75, 1, 'static.home', 8, NULL, 'ri-taxi-line', 0, NULL, NULL, 1, 1, 0, 1, 0, 1, '2025-08-25 23:35:21', '2025-08-26 00:26:56', NULL),
(77, 'taxido::static.service_categories.vehicles', 'admin.vehicle-type.parcel.index', NULL, 'tx_service_categories_vehicle_parcel', 'service.index', 75, 1, 'static.home', 8, NULL, 'ri-taxi-line', 0, NULL, NULL, 1, 1, 0, 1, 0, 1, '2025-08-25 23:35:21', '2025-08-26 00:26:56', NULL),
(78, 'taxido::static.heatmaps.heat_map', 'admin.heat-map', NULL, 'tx_heatmap', 'heat_map.index', 0, 1, 'taxido::static.cab_management', 9, NULL, 'ri-fire-line', 0, NULL, NULL, 1, 0, 0, 1, 0, 1, '2025-08-25 23:35:21', '2025-08-26 00:26:56', NULL),
(79, 'taxido::static.vehicles', NULL, NULL, 'taxido', 'rental_vehicle.index', 0, 1, 'taxido::static.cab_management', 10, NULL, 'ri-taxi-line', 0, NULL, NULL, 1, 0, 0, 1, 0, 1, '2025-08-25 23:35:21', '2025-08-26 00:26:56', NULL),
(80, 'taxido::static.rental_vehicle.rental_vehicles', 'admin.rental-vehicle.index', NULL, 'tx_rental_vehicle', 'rental_vehicle.index', 79, 1, 'taxido::static.cab_management', 64, NULL, 'ri-clock-line', 0, NULL, NULL, 1, 1, 0, 1, 0, 1, '2025-08-25 23:35:21', '2025-08-26 00:26:56', NULL),
(81, 'taxido::static.ambulances.ambulances', 'admin.ambulance.index', NULL, 'tx_ambulance', 'ambulance.index', 79, 1, 'taxido::static.cab_management', 65, NULL, 'ri-ambulance-fill', 0, NULL, NULL, 1, 1, 0, 1, 0, 1, '2025-08-25 23:35:21', '2025-08-26 00:26:56', NULL),
(82, 'taxido::static.hourly_package.hourly_packages', 'admin.hourly-package.index', NULL, 'tx_hourlyPackage', 'hourly_package.index', 79, 1, 'taxido::static.cab_management', 66, NULL, 'ri-clock-line', 0, NULL, NULL, 1, 1, 0, 1, 0, 1, '2025-08-25 23:35:21', '2025-08-26 00:26:56', NULL),
(83, 'taxido::static.documents.documents', 'admin.document.index', NULL, 'tx_documents', 'document.index', 79, 1, 'taxido::static.cab_management', 67, NULL, 'ri-file-line', 0, NULL, NULL, 1, 1, 0, 1, 0, 1, '2025-08-25 23:35:21', '2025-08-26 00:26:56', NULL),
(84, 'taxido::static.cancellation-reasons.cancellation-reasons', 'admin.cancellation-reason.index', NULL, 'tx_cancellationReason', 'cancellation_reason.index', 79, 1, 'taxido::static.cab_management', 68, NULL, 'ri-error-warning-line', 0, NULL, NULL, 1, 1, 0, 1, 0, 1, '2025-08-25 23:35:21', '2025-08-26 00:26:56', NULL),
(85, 'taxido::static.soses.soses', NULL, NULL, 'tx_sos', 'sos.index', 0, 1, 'taxido::static.cab_management', 11, NULL, 'ri-alarm-warning-line', 0, NULL, NULL, 1, 0, 0, 1, 0, 1, '2025-08-25 23:35:21', '2025-08-26 00:26:56', NULL),
(86, 'taxido::static.soses.soses', 'admin.sos.index', NULL, 'tx_soses', 'sos.index', 85, 1, 'taxido::static.cab_management', 69, NULL, 'ri-alert-line', 0, NULL, NULL, 1, 1, 0, 1, 0, 1, '2025-08-25 23:35:21', '2025-08-26 00:26:56', NULL),
(87, 'taxido::static.soses.sos_alerts', 'admin.sos-alerts.index', NULL, 'tx_sos_alerts', 'sos_alert.index', 85, 1, 'taxido::static.cab_management', 70, NULL, 'ri-list-check', 0, NULL, NULL, 1, 1, 0, 1, 0, 1, '2025-08-25 23:35:21', '2025-08-26 00:26:56', NULL),
(88, 'taxido::static.subscriptions.subscriptions', NULL, NULL, 'tx_subscription', 'plan.index', 0, 1, 'taxido::static.price_management', 12, NULL, 'ri-vip-crown-line', 0, NULL, NULL, 1, 0, 0, 1, 0, 1, '2025-08-25 23:35:21', '2025-08-26 00:26:56', NULL),
(89, 'taxido::static.subscriptions.driver_subscription', 'admin.driver-subscription.index', NULL, 'tx_driverSubscription', 'subscription.index', 88, 1, 'taxido::static.price_management', 71, NULL, 'ri-file-blank-line', 0, NULL, NULL, 1, 1, 0, 1, 0, 1, '2025-08-25 23:35:21', '2025-08-26 00:26:56', NULL),
(90, 'taxido::static.plans.plans', 'admin.plan.index', NULL, 'tx_plans', 'plan.index', 88, 1, 'taxido::static.price_management', 72, NULL, 'ri-gavel-line', 0, NULL, NULL, 1, 1, 0, 1, 0, 1, '2025-08-25 23:35:21', '2025-08-26 00:26:56', NULL),
(91, 'taxido::static.coupons.coupons', 'admin.coupon.index', NULL, 'tx_coupons', 'coupon.index', 0, 1, 'taxido::static.price_management', 13, NULL, 'ri-coupon-2-line', 0, NULL, NULL, 1, 0, 0, 1, 0, 1, '2025-08-25 23:35:21', '2025-08-26 00:26:56', NULL),
(92, 'taxido::static.extra_charges.extra_charges', 'admin.extra-charge.index', NULL, 'tx_extraCharges', 'extra_charge-2.index', 0, 1, 'taxido::static.price_management', 13, NULL, 'ri-money-dollar-circle-line', 0, NULL, NULL, 1, 0, 0, 1, 0, 1, '2025-08-25 23:35:21', '2025-08-26 00:26:56', NULL),
(93, 'taxido::static.surge_prices.surge_prices', 'admin.surge-price.index', NULL, 'tx_surge_price', 'surge_price.index', 0, 1, 'taxido::static.price_management', 14, NULL, 'ri-price-tag-3-line', 0, NULL, NULL, 1, 0, 0, 1, 0, 1, '2025-08-25 23:35:21', '2025-08-26 00:26:56', NULL),
(94, 'taxido::static.airports.airports', 'admin.airport.index', NULL, 'tx_airport', 'airport.index', 0, 1, 'taxido::static.cab_management', 15, NULL, 'ri-plane-line', 0, NULL, NULL, 1, 0, 0, 1, 0, 1, '2025-08-25 23:35:21', '2025-08-26 00:26:56', NULL),
(95, 'taxido::static.reports.reports', NULL, NULL, 'tx_reports', 'report.index', 0, 1, 'taxido::static.cab_management', 16, NULL, 'ri-folder-chart-line', 0, NULL, NULL, 1, 0, 0, 1, 0, 1, '2025-08-25 23:35:21', '2025-08-26 00:26:56', NULL),
(96, 'taxido::static.reports.transaction_reports', 'admin.transaction-report.index', NULL, 'tx_transaction_reports', 'report.index', 95, 1, 'taxido::static.cab_management', 73, NULL, 'ri-road-line', 0, NULL, NULL, 1, 1, 0, 1, 0, 1, '2025-08-25 23:35:21', '2025-08-26 00:26:56', NULL),
(97, 'taxido::static.reports.ride_reports', 'admin.ride-report.index', NULL, 'tx_ride_reports', 'report.index', 95, 1, 'taxido::static.cab_management', 74, NULL, 'ri-traffic-line', 0, NULL, NULL, 1, 1, 0, 1, 0, 1, '2025-08-25 23:35:21', '2025-08-26 00:26:56', NULL),
(98, 'taxido::static.reports.driver_reports', 'admin.driver-report.index', NULL, 'tx_driver_reports', 'report.index', 95, 1, 'taxido::static.cab_management', 75, NULL, 'ri-user-line', 0, NULL, NULL, 1, 1, 0, 1, 0, 1, '2025-08-25 23:35:21', '2025-08-26 00:26:56', NULL),
(99, 'taxido::static.reports.coupon_reports', 'admin.coupon-report.index', NULL, 'tx_coupon_reports', 'report.index', 95, 1, 'taxido::static.cab_management', 76, NULL, 'ri-road-line', 0, NULL, NULL, 1, 1, 0, 1, 0, 1, '2025-08-25 23:35:21', '2025-08-26 00:26:56', NULL),
(100, 'taxido::static.reports.zone_reports', 'admin.zone-report.index', NULL, 'tx_zone_reports', 'report.index', 95, 1, 'taxido::static.cab_management', 77, NULL, 'ri-bar-chart-2-line', 0, NULL, NULL, 1, 1, 0, 1, 0, 1, '2025-08-25 23:35:21', '2025-08-26 00:26:56', NULL),
(101, 'taxido::static.reviews.reviews', NULL, NULL, 'tx_reviews', 'driver_review.index', 0, 1, 'taxido::static.cab_management', 17, NULL, 'ri-user-star-line', 0, NULL, NULL, 1, 0, 0, 1, 0, 1, '2025-08-25 23:35:21', '2025-08-26 00:26:56', NULL),
(102, 'taxido::static.reviews.rider_reviews', 'admin.rider-review.index', NULL, 'tx_rider_review', 'rider.create', 101, 1, 'taxido::static.cab_management', 78, NULL, 'ri-star-line', 0, NULL, NULL, 1, 1, 0, 1, 0, 1, '2025-08-25 23:35:21', '2025-08-26 00:26:56', NULL),
(103, 'taxido::static.reviews.driver_reviews', 'admin.driver-review.index', NULL, 'taxidostaticreviewsdriver-reviews', 'driver_review.index', 101, 1, 'taxido::static.cab_management', 79, NULL, 'ri-star-line', 0, NULL, NULL, 1, 1, 0, 1, 0, 1, '2025-08-25 23:35:21', '2025-08-26 00:26:56', NULL),
(104, 'taxido::static.settings.app_settings', 'admin.cabbooking-setting.index', NULL, 'tx_setting', 'taxido_setting.index', 0, 1, 'taxido::static.cab_management', 18, NULL, 'ri-settings-4-line', 0, NULL, NULL, 1, 0, 0, 1, 0, 1, '2025-08-25 23:35:21', '2025-08-26 00:26:56', NULL),
(105, 'taxido::static.rides.rides', NULL, NULL, 'tx_ride', 'ride.index', 0, 1, 'static.home', 10, NULL, 'ri-map-2-line', 0, NULL, NULL, 1, 0, 0, 1, 0, 1, '2025-08-25 23:35:21', '2025-08-26 00:26:56', NULL),
(106, 'taxido::static.rides.ride_requests', 'admin.ride-request.index', NULL, 'tx_all_ride_requests', 'ride_request.index', 105, 1, 'static.home', 80, NULL, 'ri-traffic-light-line', 0, NULL, NULL, 1, 1, 0, 1, 0, 1, '2025-08-25 23:35:21', '2025-08-26 00:26:56', NULL),
(107, 'taxido::static.rides.all', 'admin.ride.index', NULL, 'tx_all_rides', 'ride.index', 105, 1, 'static.home', 81, NULL, 'ri-traffic-light-line', 0, NULL, NULL, 1, 1, 0, 1, 0, 1, '2025-08-25 23:35:21', '2025-08-26 00:26:56', NULL),
(108, 'taxido::static.rides.scheduled', 'admin.ride.status.filter', '{\"status\":\"scheduled\"}', 'tx_scheduled_rides', 'ride.index', 105, 1, 'static.home', 82, NULL, 'ri-traffic-light-line', 0, 1, NULL, 1, 1, 0, 1, 0, 1, '2025-08-25 23:35:21', '2025-08-26 00:26:56', NULL),
(109, 'taxido::static.rides.accepted', 'admin.ride.status.filter', '{\"status\":\"accepted\"}', 'tx_accepted_rides', 'ride.index', 105, 1, 'static.home', 83, NULL, 'ri-traffic-light-line', 0, 1, NULL, 1, 1, 0, 1, 0, 1, '2025-08-25 23:35:21', '2025-08-26 00:26:56', NULL),
(110, 'taxido::static.rides.arrived', 'admin.ride.status.filter', '{\"status\":\"arrived\"}', 'tx_arrived_rides', 'ride.index', 105, 1, 'static.home', 84, NULL, 'ri-traffic-light-line', 0, 1, NULL, 1, 1, 0, 1, 0, 1, '2025-08-25 23:35:21', '2025-08-26 00:26:56', NULL),
(111, 'taxido::static.rides.started', 'admin.ride.status.filter', '{\"status\":\"started\"}', 'tx_started_rides', 'ride.index', 105, 1, 'static.home', 85, NULL, 'ri-traffic-light-line', 0, 1, NULL, 1, 1, 0, 1, 0, 1, '2025-08-25 23:35:21', '2025-08-26 00:26:56', NULL),
(112, 'taxido::static.rides.cancelled', 'admin.ride.status.filter', '{\"status\":\"cancelled\"}', 'tx_cancelled_rides', 'ride.index', 105, 1, 'static.home', 86, NULL, 'ri-traffic-light-line', 0, 1, NULL, 1, 1, 0, 1, 0, 1, '2025-08-25 23:35:21', '2025-08-26 00:26:56', NULL),
(113, 'taxido::static.rides.completed', 'admin.ride.status.filter', '{\"status\":\"completed\"}', 'tx_completed_rides', 'ride.index', 105, 1, 'static.home', 87, NULL, 'ri-traffic-light-line', 0, 1, NULL, 1, 1, 0, 1, 0, 1, '2025-08-25 23:35:21', '2025-08-26 00:26:56', NULL),
(114, 'taxido::static.banners.banners', 'admin.banner.index', NULL, 'tx_banners', 'banner.index', 0, 1, 'static.promotion_management', 88, NULL, 'ri-todo-line', 0, NULL, NULL, 1, 0, 0, 1, 0, 1, '2025-08-25 23:35:21', '2025-08-26 00:26:56', NULL),
(115, 'taxido::static.onboardings.onboardings', 'admin.onboarding.index', NULL, 'tx_onboardings', 'onboarding.index', 0, 1, 'static.promotion_management', 89, NULL, 'ri-guide-line', 0, NULL, NULL, 1, 0, 0, 1, 0, 1, '2025-08-25 23:35:22', '2025-08-26 00:26:56', NULL),
(116, 'taxido::static.push_notification.push_notification', NULL, NULL, 'tx_pushNotification', 'push_notification.index', 0, 1, 'static.promotion_management', 19, NULL, 'ri-send-plane-line', 0, NULL, NULL, 1, 0, 0, 1, 0, 1, '2025-08-25 23:35:22', '2025-08-26 00:26:56', NULL),
(117, 'taxido::static.push_notification.all', 'admin.push-notification.index', NULL, 'tx_all_pushNotification', 'push_notification.index', 116, 1, 'static.promotion_management', 90, NULL, 'ri-notification-2-line', 0, NULL, NULL, 1, 1, 0, 1, 0, 1, '2025-08-25 23:35:22', '2025-08-26 00:26:56', NULL),
(118, 'taxido::static.push_notification.send', 'admin.push-notification.create', NULL, 'tx_send_pushNotification', 'push_notification.create', 116, 1, 'static.promotion_management', 91, NULL, 'ri-send-plane-line', 0, NULL, NULL, 1, 1, 0, 1, 0, 1, '2025-08-25 23:35:22', '2025-08-26 00:26:56', NULL),
(119, 'taxido::static.chats.chats', 'admin.chat.index', NULL, 'tx_chat', 'chat.index', 0, 1, 'static.home', 4, NULL, 'ri-chat-1-line', 0, NULL, NULL, 1, 0, 0, 1, 0, 1, '2025-08-25 23:35:22', '2025-08-26 00:26:56', NULL),
(120, 'ticket::static.ticket.support_ticket', NULL, NULL, 'ticket', 'ticket.ticket.index', 0, 2, 'ticket::static.section', 20, NULL, 'ri-user-voice-line', 0, NULL, NULL, 1, 0, 0, 1, 0, 1, '2025-08-25 23:35:22', '2025-08-26 00:26:56', NULL),
(121, 'ticket::static.ticket.dashboard', 'admin.ticket.dashboard', NULL, 'tc_ticket_dashboard', 'ticket.ticket.index', 120, 2, 'ticket::static.section', 21, NULL, 'ri-group-line', 0, NULL, NULL, 1, 1, 0, 1, 0, 1, '2025-08-25 23:35:22', '2025-08-26 00:26:56', NULL),
(122, 'ticket::static.ticket.all', 'admin.ticket.index', NULL, 'tc_ticket', 'ticket.ticket.index', 120, 2, 'ticket::static.section', 92, NULL, 'ri-group-line', 0, NULL, NULL, 1, 1, 0, 1, 0, 1, '2025-08-25 23:35:22', '2025-08-26 00:26:56', NULL),
(123, 'ticket::static.executive.all_support_executive', 'admin.executive.index', NULL, 'tc_all_executives', 'ticket.executive.index', 120, 2, 'ticket::static.section', 93, NULL, 'ri-team-line', 0, NULL, NULL, 1, 1, 0, 1, 0, 1, '2025-08-25 23:35:22', '2025-08-26 00:26:56', NULL),
(124, 'ticket::static.ticket.status', 'admin.status.index', NULL, 'tc_status', 'ticket.status.index', 120, 2, 'ticket::static.section', 94, NULL, 'ri-group-line', 0, NULL, NULL, 1, 1, 0, 1, 0, 1, '2025-08-25 23:35:22', '2025-08-26 00:26:56', NULL),
(125, 'ticket::static.priority.priority', 'admin.priority.index', NULL, 'tc_priority', 'ticket.priority.index', 120, 2, 'ticket::static.section', 95, NULL, 'ri-group-line', 0, NULL, NULL, 1, 1, 0, 1, 0, 1, '2025-08-25 23:35:22', '2025-08-26 00:26:56', NULL),
(126, 'ticket::static.knowledge.knowledge', NULL, NULL, 'tc_knowledge', 'ticket.knowledge.index', 0, 2, 'ticket::static.section', 22, NULL, 'ri-git-repository-line', 0, NULL, NULL, 1, 0, 0, 1, 0, 1, '2025-08-25 23:35:22', '2025-08-26 00:26:56', NULL),
(127, 'ticket::static.knowledge.all', 'admin.knowledge.index', NULL, 'tc_all_knowledge', 'ticket.knowledge.index', 126, 2, 'ticket::static.section', 96, NULL, 'ri-team-line', 0, NULL, NULL, 1, 1, 0, 1, 0, 1, '2025-08-25 23:35:22', '2025-08-26 00:26:56', NULL),
(128, 'ticket::static.knowledge.add', 'admin.knowledge.create', NULL, 'tc_knowledge_create', 'ticket.knowledge.create', 126, 2, 'ticket::static.section', 97, NULL, 'ri-id-card-line', 0, NULL, NULL, 1, 1, 0, 1, 0, 1, '2025-08-25 23:35:22', '2025-08-26 00:26:56', NULL),
(129, 'ticket::static.knowledge.categories', 'admin.ticket.category.index', NULL, 'tc_category', 'ticket.category.index', 126, 2, 'ticket::static.section', 98, NULL, 'ri-id-card-line', 0, NULL, NULL, 1, 1, 0, 1, 0, 1, '2025-08-25 23:35:22', '2025-08-26 00:26:56', NULL),
(130, 'ticket::static.knowledge.tags', 'admin.ticket.tag.index', NULL, 'tc_tag', 'ticket.tag.index', 126, 2, 'ticket::static.section', 99, NULL, 'ri-id-card-line', 0, NULL, NULL, 1, 1, 0, 1, 0, 1, '2025-08-25 23:35:22', '2025-08-26 00:26:56', NULL),
(131, 'ticket::static.department.department', 'admin.department.index', NULL, 'tc_department', 'ticket.department.index', 120, 2, 'ticket::static.section', 100, NULL, 'ri-group-line', 0, NULL, NULL, 1, 1, 0, 1, 0, 1, '2025-08-25 23:35:22', '2025-08-26 00:26:56', NULL),
(132, 'ticket::static.formfield.formfield', 'admin.formfield.index', NULL, 'tc_formfield', 'ticket.formfield.index', 120, 2, 'ticket::static.section', 101, NULL, 'ri-group-line', 0, NULL, NULL, 1, 1, 0, 1, 0, 1, '2025-08-25 23:35:22', '2025-08-26 00:26:56', NULL),
(133, 'ticket::static.setting.settings', 'admin.ticket.setting.index', NULL, 'tc_setting', 'ticket.setting.index', 120, 2, 'ticket::static.section', 102, NULL, 'ri-group-line', 0, NULL, NULL, 1, 1, 0, 1, 0, 1, '2025-08-25 23:35:22', '2025-08-26 00:26:56', NULL);

CREATE TABLE `company_addresses` (
    `id` BIGINT UNSIGNED AUTO_INCREMENT PRIMARY KEY,
    `fleet_manager_id` BIGINT UNSIGNED NULL,
    `company_name` VARCHAR(255) NULL,
    `company_email` VARCHAR(255) NULL,
    `company_address` VARCHAR(255) NULL,
    `status` TINYINT(1) NULL DEFAULT 1,
    `city` VARCHAR(255) NULL,
    `postal_code` VARCHAR(255) NULL,
    `created_at` TIMESTAMP NULL DEFAULT NULL,
    `updated_at` TIMESTAMP NULL DEFAULT NULL,
    `deleted_at` TIMESTAMP NULL DEFAULT NULL,
    CONSTRAINT `company_addresses_fleet_manager_id_foreign` FOREIGN KEY (`fleet_manager_id`) REFERENCES `users`(`id`) ON DELETE CASCADE
) ENGINE=InnoDB DEFAULT CHARSET=utf8mb4 COLLATE=utf8mb4_unicode_ci;

ALTER TABLE vehicle_info
ADD COLUMN fleet_manager_id BIGINT UNSIGNED NULL AFTER driver_id;

ALTER TABLE driver_documents
ADD COLUMN fleet_manager_id BIGINT UNSIGNED NULL AFTER driver_id;

ALTER TABLE `users` DROP INDEX `users_email_unique`;

ALTER TABLE `locations` ADD `location_coordinates` JSON NULL DEFAULT NULL AFTER `location`;

ALTER TABLE `push_notifications` ADD `image_id` BIGINT NULL AFTER `image_url`;

UPDATE `taxido_settings` SET `taxido_values` = '{\n    \"ride\": {\n        \"weight_unit\": \"kg\",\n        \"country_code\": \"93\",\n        \"maximum_seat\": \"20\",\n        \"distance_unit\": \"km\",\n        \"parcel_weight_limit\": \"20\",\n        \"min_intracity_radius\": \"10000\",\n        \"increase_amount_range\": \"10\",\n        \"find_driver_time_limit\": \"3\",\n        \"driver_max_online_hours\": \"18\",\n        \"max_bidding_fare_driver\": \"10\",\n        \"schedule_min_hour_limit\": \"3\",\n        \"ride_request_time_driver\": \"15\",\n        \"rental_ambulance_request_time\": \"20\",\n        \"schedule_ride_request_lead_time\": \"15\"\n    },\n    \"wallet\": {\n        \"tip_denominations\": \"50\",\n        \"wallet_denominations\": \"50\",\n        \"driver_min_wallet_balance\": \"0\"\n    },\n    \"general\": {\n        \"greetings\": [\n            \"Hello\",\n            \"<p> Lets make today productive and successful! </p>\"\n        ],\n        \"footer_branding_hashtag\": \"#GoTaxido\",\n        \"footer_branding_attribution\": \" Made by Pixelstrap\"\n    },\n    \"setting\": {\n        \"app_version\": \"1.0.5\",\n        \"splash_screen_id\": \"779\",\n        \"driver_app_version\": \"1.0.5\",\n        \"splash_driver_screen_id\": \"777\"\n    },\n    \"location\": {\n        \"map_provider\": \"google_map\",\n        \"radius_meter\": \"1000\",\n        \"radius_per_second\": \"10\",\n        \"google_map_api_key\": null\n    },\n    \"referral\": {\n        \"interval\": \"month\",\n        \"validity\": \"3\",\n        \"referral_amount\": \"50\",\n        \"first_ride_discount\": \"30\"\n    },\n    \"undefined\": \"1\",\n    \"activation\": {\n        \"bidding\": \"1\",\n        \"ride_otp\": \"1\",\n        \"parcel_otp\": \"1\",\n        \"sos_enable\": \"0\",\n        \"driver_tips\": \"1\",\n        \"force_update\": \"1\",\n        \"cash_payments\": \"1\",\n        \"coupon_enable\": \"1\",\n        \"online_payments\": \"1\",\n        \"referral_enable\": \"1\",\n        \"fleet_verification\": \"0\",\n        \"surge_price_enable\": \"1\",\n        \"driver_verification\": \"1\",\n        \"airport_price_enable\": \"1\",\n        \"full_address_location\": \"0\",\n        \"additional_minute_charge\": \"1\",\n        \"additional_weight_charge\": \"1\",\n        \"additional_distance_charge\": \"1\"\n    },\n    \"driver_commission\": {\n        \"status\": \"1\",\n        \"min_withdraw_amount\": \"500\",\n        \"fleet_commission_rate\": \"10\",\n        \"fleet_commission_type\": \"percentage\",\n        \"ambulance_per_km_charge\": \"1\",\n        \"ambulance_commission_rate\": \"20\",\n        \"ambulance_commission_type\": \"percentage\",\n        \"ambulance_per_minute_charge\": \"2\"\n    }\n}' WHERE `taxido_settings`.`id` = 1;

SET FOREIGN_KEY_CHECKS=1;

COMMIT;
